,Precipitation,Temp,NDVI,DayOfYear,Month,Season
2020-01-01,0.0,48,0.1741,1,1,1
2020-01-02,0.0,48,0.17509375,2,1,1
2020-01-03,0.0,49,0.1760875,3,1,1
2020-01-04,0.0,53,0.17708125,4,1,1
2020-01-05,0.0,49,0.178075,5,1,1
2020-01-06,0.0,47,0.17906875,6,1,1
2020-01-07,0.0,42,0.18006250000000001,7,1,1
2020-01-08,0.02,44,0.18105625,8,1,1
2020-01-09,0.2,45,0.18205,9,1,1
2020-01-10,0.0,47,0.18304375,10,1,1
2020-01-11,0.0,45,0.1840375,11,1,1
2020-01-12,0.0,45,0.18503125,12,1,1
2020-01-13,0.0,42,0.186025,13,1,1
2020-01-14,0.0,45,0.18701875,14,1,1
2020-01-15,0.0,45,0.1880125,15,1,1
2020-01-16,0.43,49,0.18900625000000001,16,1,1
2020-01-17,0.0,44,0.19,17,1,1
2020-01-18,0.0,42,0.18988125,18,1,1
2020-01-19,0.0,44,0.1897625,19,1,1
2020-01-20,0.0,46,0.18964375,20,1,1
2020-01-21,0.0,52,0.189525,21,1,1
2020-01-22,0.0,56,0.18940625,22,1,1
2020-01-23,0.0,50,0.1892875,23,1,1
2020-01-24,0.0,53,0.18916875,24,1,1
2020-01-25,0.0,54,0.18905,25,1,1
2020-01-26,0.01,55,0.18893125,26,1,1
2020-01-27,0.0,51,0.1888125,27,1,1
2020-01-28,0.0,51,0.18869375,28,1,1
2020-01-29,0.0,51,0.188575,29,1,1
2020-01-30,0.0,49,0.18845625,30,1,1
2020-01-31,0.0,52,0.1883375,31,1,1
2020-02-01,0.0,53,0.18821875,32,2,1
2020-02-02,0.0,53,0.1881,33,2,1
2020-02-03,0.0,44,0.18667499999999998,34,2,1
2020-02-04,0.0,42,0.18525,35,2,1
2020-02-05,0.0,44,0.183825,36,2,1
2020-02-06,0.0,47,0.1824,37,2,1
2020-02-07,0.0,51,0.180975,38,2,1
2020-02-08,0.0,53,0.17955,39,2,1
2020-02-09,0.0,51,0.178125,40,2,1
2020-02-10,0.0,47,0.1767,41,2,1
2020-02-11,0.0,51,0.175275,42,2,1
2020-02-12,0.0,53,0.17385,43,2,1
2020-02-13,0.0,55,0.172425,44,2,1
2020-02-14,0.0,55,0.17099999999999999,45,2,1
2020-02-15,0.0,55,0.169575,46,2,1
2020-02-16,0.0,57,0.16815,47,2,1
2020-02-17,0.0,55,0.166725,48,2,1
2020-02-18,0.0,56,0.1653,49,2,1
2020-02-19,0.0,55,0.166675,50,2,1
2020-02-20,0.0,57,0.16805,51,2,1
2020-02-21,0.0,58,0.169425,52,2,1
2020-02-22,0.0,62,0.1708,53,2,1
2020-02-23,0.0,55,0.172175,54,2,1
2020-02-24,0.0,56,0.17355,55,2,1
2020-02-25,0.0,58,0.174925,56,2,1
2020-02-26,0.0,62,0.1763,57,2,1
2020-02-27,0.0,63,0.177675,58,2,1
2020-02-28,0.0,65,0.17905,59,2,1
2020-02-29,0.0,66,0.180425,60,2,1
2020-03-01,0.0,57,0.1818,61,3,2
2020-03-02,0.0,49,0.183175,62,3,2
2020-03-03,0.0,56,0.18455,63,3,2
2020-03-04,0.0,60,0.185925,64,3,2
2020-03-05,0.0,65,0.1873,65,3,2
2020-03-06,0.0,64,0.18891249999999998,66,3,2
2020-03-07,0.0,60,0.190525,67,3,2
2020-03-08,0.0,53,0.1921375,68,3,2
2020-03-09,0.0,58,0.19375,69,3,2
2020-03-10,0.11,59,0.1953625,70,3,2
2020-03-11,0.05,60,0.196975,71,3,2
2020-03-12,0.0,61,0.1985875,72,3,2
2020-03-13,0.0,65,0.2002,73,3,2
2020-03-14,0.0,60,0.2018125,74,3,2
2020-03-15,0.04,58,0.203425,75,3,2
2020-03-16,0.97,53,0.2050375,76,3,2
2020-03-17,0.0,46,0.20665,77,3,2
2020-03-18,0.0,50,0.20826250000000002,78,3,2
2020-03-19,0.22,52,0.209875,79,3,2
2020-03-20,0.0,52,0.21148750000000002,80,3,2
2020-03-21,0.05,56,0.2131,81,3,2
2020-03-22,0.28,57,0.21351250000000002,82,3,2
2020-03-23,0.25,58,0.213925,83,3,2
2020-03-24,0.03,56,0.21433750000000001,84,3,2
2020-03-25,0.27,53,0.21475,85,3,2
2020-03-26,0.0,49,0.2151625,86,3,2
2020-03-27,0.0,50,0.21557500000000002,87,3,2
2020-03-28,0.0,52,0.2159875,88,3,2
2020-03-29,0.05,56,0.2164,89,3,2
2020-03-30,0.0,56,0.21681250000000002,90,3,2
2020-03-31,0.0,59,0.217225,91,3,2
2020-04-01,0.0,62,0.2176375,92,4,2
2020-04-02,0.0,55,0.21805000000000002,93,4,2
2020-04-03,0.0,56,0.2184625,94,4,2
2020-04-04,0.0,57,0.21887500000000001,95,4,2
2020-04-05,0.84,58,0.2192875,96,4,2
2020-04-06,0.25,52,0.2197,97,4,2
2020-04-07,0.02,54,0.21846875000000002,98,4,2
2020-04-08,0.11,57,0.2172375,99,4,2
2020-04-09,0.26,53,0.21600625,100,4,2
2020-04-10,0.0,56,0.214775,101,4,2
2020-04-11,0.0,60,0.21354375,102,4,2
2020-04-12,0.0,64,0.21231250000000002,103,4,2
2020-04-13,0.0,61,0.21108125,104,4,2
2020-04-14,0.0,63,0.20985,105,4,2
2020-04-15,0.0,67,0.20861875000000002,106,4,2
2020-04-16,0.0,69,0.2073875,107,4,2
2020-04-17,0.02,66,0.20615625,108,4,2
2020-04-18,0.08,61,0.20492500000000002,109,4,2
2020-04-19,0.0,63,0.20369375,110,4,2
2020-04-20,0.07,60,0.20246250000000002,111,4,2
2020-04-21,0.0,59,0.20123125,112,4,2
2020-04-22,0.0,67,0.2,113,4,2
2020-04-23,0.0,71,0.20135,114,4,2
2020-04-24,0.0,73,0.20270000000000002,115,4,2
2020-04-25,0.0,76,0.20405,116,4,2
2020-04-26,0.0,76,0.2054,117,4,2
2020-04-27,0.0,74,0.20675000000000002,118,4,2
2020-04-28,0.0,75,0.2081,119,4,2
2020-04-29,0.0,80,0.20945,120,4,2
2020-04-30,0.0,74,0.2108,121,4,2
2020-05-01,0.0,71,0.21215,122,5,2
2020-05-02,0.0,70,0.2135,123,5,2
2020-05-03,0.0,69,0.21484999999999999,124,5,2
2020-05-04,0.0,68,0.2162,125,5,2
2020-05-05,0.0,72,0.21755,126,5,2
2020-05-06,0.0,71,0.21889999999999998,127,5,2
2020-05-07,0.0,73,0.22025,128,5,2
2020-05-08,0.0,79,0.2216,129,5,2
2020-05-09,0.0,81,0.22185,130,5,2
2020-05-10,0.0,80,0.2221,131,5,2
2020-05-11,0.0,74,0.22235,132,5,2
2020-05-12,0.0,69,0.2226,133,5,2
2020-05-13,0.0,65,0.22285,134,5,2
2020-05-14,0.0,68,0.2231,135,5,2
2020-05-15,0.0,68,0.22335,136,5,2
2020-05-16,0.0,72,0.2236,137,5,2
2020-05-17,0.01,73,0.22385,138,5,2
2020-05-18,0.11,67,0.2241,139,5,2
2020-05-19,0.0,61,0.22435,140,5,2
2020-05-20,0.0,65,0.2246,141,5,2
2020-05-21,0.0,69,0.22485,142,5,2
2020-05-22,0.0,73,0.2251,143,5,2
2020-05-23,0.0,69,0.22535,144,5,2
2020-05-24,0.0,75,0.2256,145,5,2
2020-05-25,0.0,81,0.2247625,146,5,2
2020-05-26,0.0,87,0.22392499999999999,147,5,2
2020-05-27,0.0,90,0.2230875,148,5,2
2020-05-28,0.0,89,0.22225,149,5,2
2020-05-29,0.0,87,0.22141249999999998,150,5,2
2020-05-30,0.0,76,0.220575,151,5,2
2020-05-31,0.0,71,0.2197375,152,5,2
2020-06-01,0.0,75,0.21889999999999998,153,6,3
2020-06-02,0.0,78,0.2180625,154,6,3
2020-06-03,0.0,85,0.217225,155,6,3
2020-06-04,0.0,89,0.2163875,156,6,3
2020-06-05,0.0,82,0.21555,157,6,3
2020-06-06,0.0,70,0.2147125,158,6,3
2020-06-07,0.0,66,0.213875,159,6,3
2020-06-08,0.0,66,0.2130375,160,6,3
2020-06-09,0.0,74,0.2122,161,6,3
2020-06-10,0.0,81,0.21232499999999999,162,6,3
2020-06-11,0.0,85,0.21245,163,6,3
2020-06-12,0.0,82,0.21257500000000001,164,6,3
2020-06-13,0.0,68,0.2127,165,6,3
2020-06-14,0.0,70,0.212825,166,6,3
2020-06-15,0.0,77,0.21295,167,6,3
2020-06-16,0.0,74,0.21307500000000001,168,6,3
2020-06-17,0.0,72,0.2132,169,6,3
2020-06-18,0.0,79,0.213325,170,6,3
2020-06-19,0.0,84,0.21345,171,6,3
2020-06-20,0.0,86,0.21357500000000001,172,6,3
2020-06-21,0.0,84,0.2137,173,6,3
2020-06-22,0.0,86,0.213825,174,6,3
2020-06-23,0.0,89,0.21395,175,6,3
2020-06-24,0.0,89,0.21407500000000002,176,6,3
2020-06-25,0.0,89,0.2142,177,6,3
2020-06-26,0.0,88,0.215,178,6,3
2020-06-27,0.0,92,0.2158,179,6,3
2020-06-28,0.0,84,0.21660000000000001,180,6,3
2020-06-29,0.0,71,0.2174,181,6,3
2020-06-30,0.0,79,0.2182,182,6,3
2020-07-01,0.0,83,0.219,183,7,3
2020-07-02,0.0,80,0.2198,184,7,3
2020-07-03,0.0,80,0.22060000000000002,185,7,3
2020-07-04,0.0,83,0.2214,186,7,3
2020-07-05,0.0,85,0.2222,187,7,3
2020-07-06,0.0,84,0.223,188,7,3
2020-07-07,0.0,79,0.2238,189,7,3
2020-07-08,0.0,81,0.2246,190,7,3
2020-07-09,0.0,85,0.22540000000000002,191,7,3
2020-07-10,0.0,87,0.2262,192,7,3
2020-07-11,0.0,90,0.227,193,7,3
2020-07-12,0.0,92,0.226875,194,7,3
2020-07-13,0.0,91,0.22675,195,7,3
2020-07-14,0.0,84,0.22662500000000002,196,7,3
2020-07-15,0.0,82,0.2265,197,7,3
2020-07-16,0.0,85,0.226375,198,7,3
2020-07-17,0.0,85,0.22625,199,7,3
2020-07-18,0.0,85,0.22612500000000002,200,7,3
2020-07-19,0.0,87,0.226,201,7,3
2020-07-20,0.0,85,0.225875,202,7,3
2020-07-21,0.0,84,0.22575,203,7,3
2020-07-22,0.0,82,0.22562500000000002,204,7,3
2020-07-23,0.0,79,0.2255,205,7,3
2020-07-24,0.0,83,0.225375,206,7,3
2020-07-25,0.0,83,0.22525,207,7,3
2020-07-26,0.0,86,0.22512500000000002,208,7,3
2020-07-27,0.0,87,0.225,209,7,3
2020-07-28,0.0,87,0.22445625,210,7,3
2020-07-29,0.0,88,0.22391250000000001,211,7,3
2020-07-30,0.0,87,0.22336875,212,7,3
2020-07-31,0.0,86,0.222825,213,7,3
2020-08-01,0.0,85,0.22228125,214,8,3
2020-08-02,0.0,85,0.2217375,215,8,3
2020-08-03,0.0,86,0.22119375,216,8,3
2020-08-04,0.0,85,0.22065,217,8,3
2020-08-05,0.0,80,0.22010625,218,8,3
2020-08-06,0.0,74,0.2195625,219,8,3
2020-08-07,0.0,79,0.21901874999999998,220,8,3
2020-08-08,0.0,84,0.218475,221,8,3
2020-08-09,0.0,87,0.21793125,222,8,3
2020-08-10,0.0,88,0.21738749999999998,223,8,3
2020-08-11,0.0,87,0.21684375,224,8,3
2020-08-12,0.0,85,0.2163,225,8,3
2020-08-13,0.0,87,0.2184875,226,8,3
2020-08-14,0.0,88,0.220675,227,8,3
2020-08-15,0.0,94,0.2228625,228,8,3
2020-08-16,0.0,94,0.22505,229,8,3
2020-08-17,0.0,94,0.2272375,230,8,3
2020-08-18,0.0,93,0.229425,231,8,3
2020-08-19,0.0,94,0.2316125,232,8,3
2020-08-20,0.0,86,0.2338,233,8,3
2020-08-21,0.0,84,0.23598750000000002,234,8,3
2020-08-22,0.0,83,0.23817500000000003,235,8,3
2020-08-23,0.0,85,0.2403625,236,8,3
2020-08-24,0.0,87,0.24255000000000002,237,8,3
2020-08-25,0.0,87,0.24473750000000002,238,8,3
2020-08-26,0.0,85,0.246925,239,8,3
2020-08-27,0.0,83,0.24911250000000001,240,8,3
2020-08-28,0.0,83,0.2513,241,8,3
2020-08-29,0.0,86,0.24864375000000002,242,8,3
2020-08-30,0.0,83,0.24598750000000003,243,8,3
2020-08-31,0.0,84,0.24333125000000003,244,8,3
2020-09-01,0.0,82,0.24067500000000003,245,9,4
2020-09-02,0.0,80,0.23801875000000003,246,9,4
2020-09-03,0.0,80,0.23536250000000003,247,9,4
2020-09-04,0.0,84,0.23270625000000003,248,9,4
2020-09-05,0.0,87,0.23005000000000003,249,9,4
2020-09-06,0.0,89,0.22739375,250,9,4
2020-09-07,0.0,90,0.2247375,251,9,4
2020-09-08,0.0,89,0.22208125,252,9,4
2020-09-09,0.0,83,0.219425,253,9,4
2020-09-10,0.0,77,0.21676875,254,9,4
2020-09-11,0.0,72,0.2141125,255,9,4
2020-09-12,0.0,72,0.21145625,256,9,4
2020-09-13,0.0,74,0.2088,257,9,4
2020-09-14,0.0,77,0.20799375,258,9,4
2020-09-15,0.0,77,0.20718750000000002,259,9,4
2020-09-16,0.0,78,0.20638125000000002,260,9,4
2020-09-17,0.0,78,0.205575,261,9,4
2020-09-18,0.0,78,0.20476875,262,9,4
2020-09-19,0.0,74,0.2039625,263,9,4
2020-09-20,0.0,75,0.20315625,264,9,4
2020-09-21,0.0,78,0.20235,265,9,4
2020-09-22,0.0,79,0.20154375,266,9,4
2020-09-23,0.0,77,0.2007375,267,9,4
2020-09-24,0.0,77,0.19993125,268,9,4
2020-09-25,0.0,76,0.199125,269,9,4
2020-09-26,0.0,75,0.19831875,270,9,4
2020-09-27,0.0,78,0.19751249999999998,271,9,4
2020-09-28,0.0,79,0.19670625,272,9,4
2020-09-29,0.0,82,0.1959,273,9,4
2020-09-30,0.0,82,0.195525,274,9,4
2020-10-01,0.0,81,0.19515,275,10,4
2020-10-02,0.0,80,0.194775,276,10,4
2020-10-03,0.0,80,0.1944,277,10,4
2020-10-04,0.0,80,0.194025,278,10,4
2020-10-05,0.0,78,0.19365,279,10,4
2020-10-06,0.0,77,0.193275,280,10,4
2020-10-07,0.0,75,0.19290000000000002,281,10,4
2020-10-08,0.0,74,0.192525,282,10,4
2020-10-09,0.0,67,0.19215000000000002,283,10,4
2020-10-10,0.0,68,0.191775,284,10,4
2020-10-11,0.0,70,0.19140000000000001,285,10,4
2020-10-12,0.0,71,0.191025,286,10,4
2020-10-13,0.0,73,0.19065000000000001,287,10,4
2020-10-14,0.0,74,0.190275,288,10,4
2020-10-15,0.0,75,0.1899,289,10,4
2020-10-16,0.0,75,0.19081875,290,10,4
2020-10-17,0.0,76,0.1917375,291,10,4
2020-10-18,0.0,76,0.19265625,292,10,4
2020-10-19,0.0,74,0.193575,293,10,4
2020-10-20,0.0,73,0.19449375000000002,294,10,4
2020-10-21,0.0,72,0.19541250000000002,295,10,4
2020-10-22,0.0,71,0.19633125,296,10,4
2020-10-23,0.0,67,0.19725,297,10,4
2020-10-24,0.0,66,0.19816875,298,10,4
2020-10-25,0.0,63,0.1990875,299,10,4
2020-10-26,0.0,57,0.20000625,300,10,4
2020-10-27,0.0,58,0.20092500000000002,301,10,4
2020-10-28,0.0,60,0.20184375000000002,302,10,4
2020-10-29,0.0,62,0.2027625,303,10,4
2020-10-30,0.0,63,0.20368125,304,10,4
2020-10-31,0.0,64,0.2046,305,10,4
2020-11-01,0.0,64,0.206125,306,11,4
2020-11-02,0.0,65,0.20765,307,11,4
2020-11-03,0.0,65,0.209175,308,11,4
2020-11-04,0.0,64,0.2107,309,11,4
2020-11-05,0.0,63,0.212225,310,11,4
2020-11-06,0.0,62,0.21375,311,11,4
2020-11-07,0.1,51,0.215275,312,11,4
2020-11-08,0.01,50,0.2168,313,11,4
2020-11-09,0.0,44,0.21832500000000002,314,11,4
2020-11-10,0.0,47,0.21985000000000002,315,11,4
2020-11-11,0.0,49,0.22137500000000002,316,11,4
2020-11-12,0.0,53,0.22290000000000001,317,11,4
2020-11-13,0.0,53,0.224425,318,11,4
2020-11-14,0.0,59,0.22595,319,11,4
2020-11-15,0.0,53,0.227475,320,11,4
2020-11-16,0.0,56,0.229,321,11,4
2020-11-17,0.0,62,0.2237125,322,11,4
2020-11-18,0.17,62,0.218425,323,11,4
2020-11-19,0.0,56,0.2131375,324,11,4
2020-11-20,0.0,52,0.20785,325,11,4
2020-11-21,0.0,51,0.2025625,326,11,4
2020-11-22,0.0,51,0.197275,327,11,4
2020-11-23,0.0,53,0.1919875,328,11,4
2020-11-24,0.0,51,0.1867,329,11,4
2020-11-25,0.0,52,0.1814125,330,11,4
2020-11-26,0.0,49,0.176125,331,11,4
2020-11-27,0.0,49,0.1708375,332,11,4
2020-11-28,0.0,49,0.16555,333,11,4
2020-11-29,0.0,49,0.1602625,334,11,4
2020-11-30,0.0,49,0.154975,335,11,4
2020-12-01,0.0,50,0.1496875,336,12,1
2020-12-02,0.0,49,0.1444,337,12,1
2020-12-03,0.0,54,0.1448125,338,12,1
2020-12-04,0.0,51,0.145225,339,12,1
2020-12-05,0.0,53,0.1456375,340,12,1
2020-12-06,0.0,52,0.14605,341,12,1
2020-12-07,0.0,48,0.1464625,342,12,1
2020-12-08,0.0,49,0.146875,343,12,1
2020-12-09,0.0,52,0.1472875,344,12,1
2020-12-10,0.0,51,0.1477,345,12,1
2020-12-11,0.08,48,0.1481125,346,12,1
2020-12-12,0.26,51,0.148525,347,12,1
2020-12-13,0.45,50,0.1489375,348,12,1
2020-12-14,0.0,49,0.14934999999999998,349,12,1
2020-12-15,0.0,45,0.1497625,350,12,1
2020-12-16,0.0,46,0.150175,351,12,1
2020-12-17,0.01,51,0.15058749999999999,352,12,1
2020-12-18,0.0,46,0.151,353,12,1
2020-12-19,0.0,44,0.15075,354,12,1
2020-12-20,0.0,43,0.1505,355,12,1
2020-12-21,0.0,41,0.15025,356,12,1
2020-12-22,0.0,42,0.15,357,12,1
2020-12-23,0.0,43,0.14975,358,12,1
2020-12-24,0.0,42,0.1495,359,12,1
2020-12-25,0.0,44,0.14925,360,12,1
2020-12-26,0.03,54,0.149,361,12,1
2020-12-27,0.03,48,0.14875,362,12,1
2020-12-28,0.28,51,0.1485,363,12,1
2020-12-29,0.0,47,0.14825,364,12,1
2020-12-30,0.0,46,0.148,365,12,1
2020-12-31,0.0,47,0.14775,366,12,1
2021-01-01,0.0,47,0.1475,1,1,1
2021-01-02,0.0,47,0.1463625,2,1,1
2021-01-03,0.0,53,0.145225,3,1,1
2021-01-04,0.0,55,0.14408749999999998,4,1,1
2021-01-05,0.0,51,0.14295,5,1,1
2021-01-06,0.0,48,0.1418125,6,1,1
2021-01-07,0.0,46,0.140675,7,1,1
2021-01-08,0.0,45,0.13953749999999998,8,1,1
2021-01-09,0.0,47,0.1384,9,1,1
2021-01-10,0.0,46,0.1372625,10,1,1
2021-01-11,0.0,48,0.136125,11,1,1
2021-01-12,0.0,49,0.13498749999999998,12,1,1
2021-01-13,0.0,50,0.13385,13,1,1
2021-01-14,0.0,51,0.1327125,14,1,1
2021-01-15,0.0,52,0.131575,15,1,1
2021-01-16,0.0,53,0.13043749999999998,16,1,1
2021-01-17,0.0,54,0.1293,17,1,1
2021-01-18,0.0,55,0.13319375,18,1,1
2021-01-19,0.0,56,0.1370875,19,1,1
2021-01-20,0.0,51,0.14098125,20,1,1
2021-01-21,0.0,51,0.144875,21,1,1
2021-01-22,0.13,53,0.14876875,22,1,1
2021-01-23,0.41,47,0.1526625,23,1,1
2021-01-24,0.36,47,0.15655625,24,1,1
2021-01-25,0.26,45,0.16044999999999998,25,1,1
2021-01-26,0.08,43,0.16434374999999998,26,1,1
2021-01-27,0.31,47,0.16823749999999998,27,1,1
2021-01-28,1.78,52,0.17213124999999999,28,1,1
2021-01-29,0.07,48,0.176025,29,1,1
2021-01-30,0.0,47,0.17991875,30,1,1
2021-01-31,0.0,50,0.1838125,31,1,1
2021-02-01,0.0,58,0.18770625,32,2,1
2021-02-02,0.0,59,0.1916,33,2,1
2021-02-03,0.0,54,0.19091249999999998,34,2,1
2021-02-04,0.0,48,0.190225,35,2,1
2021-02-05,0.0,49,0.1895375,36,2,1
2021-02-06,0.0,52,0.18885,37,2,1
2021-02-07,0.0,53,0.1881625,38,2,1
2021-02-08,0.0,53,0.187475,39,2,1
2021-02-09,0.0,57,0.1867875,40,2,1
2021-02-10,0.0,57,0.1861,41,2,1
2021-02-11,0.01,56,0.1854125,42,2,1
2021-02-12,0.26,56,0.184725,43,2,1
2021-02-13,0.02,54,0.1840375,44,2,1
2021-02-14,0.0,51,0.18335,45,2,1
2021-02-15,0.0,53,0.1826625,46,2,1
2021-02-16,0.0,52,0.181975,47,2,1
2021-02-17,0.0,50,0.18128750000000002,48,2,1
2021-02-18,0.0,51,0.1806,49,2,1
2021-02-19,0.0,54,0.18010625000000002,50,2,1
2021-02-20,0.0,55,0.1796125,51,2,1
2021-02-21,0.0,49,0.17911875,52,2,1
2021-02-22,0.0,53,0.178625,53,2,1
2021-02-23,0.0,56,0.17813125000000002,54,2,1
2021-02-24,0.0,56,0.1776375,55,2,1
2021-02-25,0.0,53,0.17714375,56,2,1
2021-02-26,0.0,54,0.17665,57,2,1
2021-02-27,0.0,54,0.17615625000000001,58,2,1
2021-02-28,0.0,53,0.1756625,59,2,1
2021-03-01,0.0,56,0.17516874999999998,60,3,2
2021-03-02,0.0,58,0.174675,61,3,2
2021-03-03,0.0,56,0.17418125,62,3,2
2021-03-04,0.0,55,0.1736875,63,3,2
2021-03-05,0.0,57,0.17319374999999998,64,3,2
2021-03-06,0.0,60,0.1727,65,3,2
2021-03-07,0.0,54,0.17378125,66,3,2
2021-03-08,0.0,56,0.1748625,67,3,2
2021-03-09,0.0,52,0.17594374999999998,68,3,2
2021-03-10,0.43,52,0.177025,69,3,2
2021-03-11,0.0,45,0.17810625,70,3,2
2021-03-12,0.0,51,0.1791875,71,3,2
2021-03-13,0.0,53,0.18026875,72,3,2
2021-03-14,0.0,53,0.18135,73,3,2
2021-03-15,0.48,50,0.18243125,74,3,2
2021-03-16,0.0,45,0.1835125,75,3,2
2021-03-17,0.0,50,0.18459375,76,3,2
2021-03-18,0.0,60,0.185675,77,3,2
2021-03-19,0.39,62,0.18675625,78,3,2
2021-03-20,0.03,54,0.1878375,79,3,2
2021-03-21,0.0,52,0.18891875,80,3,2
2021-03-22,0.0,55,0.19,81,3,2
2021-03-23,0.0,56,0.19251875000000002,82,3,2
2021-03-24,0.0,57,0.1950375,83,3,2
2021-03-25,0.0,57,0.19755625,84,3,2
2021-03-26,0.0,55,0.200075,85,3,2
2021-03-27,0.0,61,0.20259375000000002,86,3,2
2021-03-28,0.0,65,0.2051125,87,3,2
2021-03-29,0.0,67,0.20763125,88,3,2
2021-03-30,0.0,62,0.21015,89,3,2
2021-03-31,0.0,66,0.21266875000000002,90,3,2
2021-04-01,0.0,69,0.2151875,91,4,2
2021-04-02,0.0,71,0.21770625,92,4,2
2021-04-03,0.0,68,0.220225,93,4,2
2021-04-04,0.0,62,0.22274375000000002,94,4,2
2021-04-05,0.0,62,0.2252625,95,4,2
2021-04-06,0.0,61,0.22778125,96,4,2
2021-04-07,0.0,66,0.2303,97,4,2
2021-04-08,0.0,63,0.22981875000000002,98,4,2
2021-04-09,0.0,65,0.2293375,99,4,2
2021-04-10,0.0,62,0.22885625,100,4,2
2021-04-11,0.0,67,0.228375,101,4,2
2021-04-12,0.0,69,0.22789375,102,4,2
2021-04-13,0.0,68,0.2274125,103,4,2
2021-04-14,0.0,60,0.22693125,104,4,2
2021-04-15,0.0,62,0.22644999999999998,105,4,2
2021-04-16,0.0,65,0.22596875,106,4,2
2021-04-17,0.0,67,0.2254875,107,4,2
2021-04-18,0.0,71,0.22500625,108,4,2
2021-04-19,0.0,73,0.224525,109,4,2
2021-04-20,0.0,72,0.22404374999999999,110,4,2
2021-04-21,0.0,62,0.2235625,111,4,2
2021-04-22,0.0,66,0.22308124999999998,112,4,2
2021-04-23,0.0,64,0.2226,113,4,2
2021-04-24,0.0,65,0.22194375,114,4,2
2021-04-25,0.15,62,0.2212875,115,4,2
2021-04-26,0.0,56,0.22063125,116,4,2
2021-04-27,0.0,59,0.219975,117,4,2
2021-04-28,0.0,66,0.21931875,118,4,2
2021-04-29,0.0,73,0.2186625,119,4,2
2021-04-30,0.0,78,0.21800625,120,4,2
2021-05-01,0.0,75,0.21735,121,5,2
2021-05-02,0.0,68,0.21669375,122,5,2
2021-05-03,0.0,72,0.2160375,123,5,2
2021-05-04,0.0,76,0.21538125,124,5,2
2021-05-05,0.0,80,0.214725,125,5,2
2021-05-06,0.0,80,0.21406875,126,5,2
2021-05-07,0.0,71,0.2134125,127,5,2
2021-05-08,0.0,70,0.21275625,128,5,2
2021-05-09,0.0,74,0.2121,129,5,2
2021-05-10,0.0,75,0.2116375,130,5,2
2021-05-11,0.0,78,0.211175,131,5,2
2021-05-12,0.0,80,0.2107125,132,5,2
2021-05-13,0.0,81,0.21025,133,5,2
2021-05-14,0.0,78,0.20978750000000002,134,5,2
2021-05-15,0.0,70,0.209325,135,5,2
2021-05-16,0.0,66,0.2088625,136,5,2
2021-05-17,0.0,71,0.2084,137,5,2
2021-05-18,0.0,72,0.2079375,138,5,2
2021-05-19,0.0,72,0.207475,139,5,2
2021-05-20,0.0,63,0.2070125,140,5,2
2021-05-21,0.0,62,0.20655,141,5,2
2021-05-22,0.0,63,0.2060875,142,5,2
2021-05-23,0.0,68,0.205625,143,5,2
2021-05-24,0.0,72,0.2051625,144,5,2
2021-05-25,0.0,77,0.2047,145,5,2
2021-05-26,0.0,74,0.20663125,146,5,2
2021-05-27,0.0,76,0.20856249999999998,147,5,2
2021-05-28,0.0,75,0.21049375,148,5,2
2021-05-29,0.0,76,0.212425,149,5,2
2021-05-30,0.0,76,0.21435625,150,5,2
2021-05-31,0.0,86,0.2162875,151,5,2
2021-06-01,0.0,89,0.21821875,152,6,3
2021-06-02,0.0,89,0.22015,153,6,3
2021-06-03,0.0,87,0.22208125,154,6,3
2021-06-04,0.0,87,0.2240125,155,6,3
2021-06-05,0.0,84,0.22594375,156,6,3
2021-06-06,0.0,83,0.227875,157,6,3
2021-06-07,0.0,75,0.22980625,158,6,3
2021-06-08,0.0,68,0.2317375,159,6,3
2021-06-09,0.0,67,0.23366875,160,6,3
2021-06-10,0.0,65,0.2356,161,6,3
2021-06-11,0.0,69,0.23440625,162,6,3
2021-06-12,0.0,74,0.2332125,163,6,3
2021-06-13,0.0,81,0.23201875,164,6,3
2021-06-14,0.0,79,0.230825,165,6,3
2021-06-15,0.0,78,0.22963125,166,6,3
2021-06-16,0.0,80,0.22843750000000002,167,6,3
2021-06-17,0.0,86,0.22724375,168,6,3
2021-06-18,0.0,94,0.22605,169,6,3
2021-06-19,0.0,95,0.22485625,170,6,3
2021-06-20,0.0,92,0.2236625,171,6,3
2021-06-21,0.0,89,0.22246875,172,6,3
2021-06-22,0.0,83,0.221275,173,6,3
2021-06-23,0.0,80,0.22008125,174,6,3
2021-06-24,0.0,80,0.2188875,175,6,3
2021-06-25,0.0,79,0.21769375,176,6,3
2021-06-26,0.0,85,0.2165,177,6,3
2021-06-27,0.0,92,0.21483125,178,6,3
2021-06-28,0.0,88,0.2131625,179,6,3
2021-06-29,0.0,87,0.21149375,180,6,3
2021-06-30,0.0,92,0.20982499999999998,181,6,3
2021-07-01,0.0,87,0.20815625,182,7,3
2021-07-02,0.0,86,0.2064875,183,7,3
2021-07-03,0.0,87,0.20481875,184,7,3
2021-07-04,0.0,86,0.20315,185,7,3
2021-07-05,0.0,84,0.20148125,186,7,3
2021-07-06,0.0,85,0.1998125,187,7,3
2021-07-07,0.0,84,0.19814375,188,7,3
2021-07-08,0.0,88,0.196475,189,7,3
2021-07-09,0.0,94,0.19480625,190,7,3
2021-07-10,0.0,96,0.1931375,191,7,3
2021-07-11,0.0,105,0.19146875,192,7,3
2021-07-12,0.0,94,0.1898,193,7,3
2021-07-13,0.0,90,0.1903,194,7,3
2021-07-14,0.0,86,0.1908,195,7,3
2021-07-15,0.0,87,0.1913,196,7,3
2021-07-16,0.0,84,0.1918,197,7,3
2021-07-17,0.0,86,0.1923,198,7,3
2021-07-18,0.0,88,0.1928,199,7,3
2021-07-19,0.0,90,0.1933,200,7,3
2021-07-20,0.0,90,0.1938,201,7,3
2021-07-21,0.0,86,0.1943,202,7,3
2021-07-22,0.0,88,0.1948,203,7,3
2021-07-23,0.0,87,0.1953,204,7,3
2021-07-24,0.0,88,0.1958,205,7,3
2021-07-25,0.0,89,0.1963,206,7,3
2021-07-26,0.0,88,0.1968,207,7,3
2021-07-27,0.0,88,0.1973,208,7,3
2021-07-28,0.0,87,0.1978,209,7,3
2021-07-29,0.0,90,0.20086875,210,7,3
2021-07-30,0.0,93,0.2039375,211,7,3
2021-07-31,0.0,91,0.20700625,212,7,3
2021-08-01,0.0,88,0.210075,213,8,3
2021-08-02,0.0,87,0.21314375,214,8,3
2021-08-03,0.0,86,0.2162125,215,8,3
2021-08-04,0.0,89,0.21928125,216,8,3
2021-08-05,0.0,85,0.22235,217,8,3
2021-08-06,0.0,82,0.22541875,218,8,3
2021-08-07,0.0,84,0.2284875,219,8,3
2021-08-08,0.0,85,0.23155625000000002,220,8,3
2021-08-09,0.0,86,0.234625,221,8,3
2021-08-10,0.0,88,0.23769375,222,8,3
2021-08-11,0.0,91,0.24076250000000002,223,8,3
2021-08-12,0.0,91,0.24383125,224,8,3
2021-08-13,0.0,89,0.2469,225,8,3
2021-08-14,0.0,88,0.24396875,226,8,3
2021-08-15,0.0,91,0.24103750000000002,227,8,3
2021-08-16,0.0,92,0.23810625000000002,228,8,3
2021-08-17,0.0,89,0.23517500000000002,229,8,3
2021-08-18,0.0,80,0.23224375,230,8,3
2021-08-19,0.0,76,0.2293125,231,8,3
2021-08-20,0.0,78,0.22638125,232,8,3
2021-08-21,0.0,79,0.22345,233,8,3
2021-08-22,0.0,74,0.22051875,234,8,3
2021-08-23,0.0,79,0.21758750000000002,235,8,3
2021-08-24,0.0,80,0.21465625000000002,236,8,3
2021-08-25,0.0,80,0.211725,237,8,3
2021-08-26,0.0,82,0.20879375,238,8,3
2021-08-27,0.0,82,0.2058625,239,8,3
2021-08-28,0.0,85,0.20293125,240,8,3
2021-08-29,0.0,88,0.2,241,8,3
2021-08-30,0.0,89,0.20299375,242,8,3
2021-08-31,0.0,89,0.20598750000000002,243,8,3
2021-09-01,0.0,80,0.20898125,244,9,4
2021-09-02,0.0,75,0.21197500000000002,245,9,4
2021-09-03,0.0,76,0.21496875000000001,246,9,4
2021-09-04,0.0,80,0.2179625,247,9,4
2021-09-05,0.0,83,0.22095625000000002,248,9,4
2021-09-06,0.0,86,0.22395,249,9,4
2021-09-07,0.0,89,0.22694375,250,9,4
2021-09-08,0.0,88,0.22993750000000002,251,9,4
2021-09-09,0.0,90,0.23293125,252,9,4
2021-09-10,0.0,89,0.235925,253,9,4
2021-09-11,0.0,83,0.23891875,254,9,4
2021-09-12,0.0,83,0.2419125,255,9,4
2021-09-13,0.0,84,0.24490625000000002,256,9,4
2021-09-14,0.0,84,0.2479,257,9,4
2021-09-15,0.0,83,0.24477500000000002,258,9,4
2021-09-16,0.0,79,0.24165,259,9,4
2021-09-17,0.0,76,0.23852500000000001,260,9,4
2021-09-18,0.0,75,0.2354,261,9,4
2021-09-19,0.0,73,0.232275,262,9,4
2021-09-20,0.0,71,0.22915,263,9,4
2021-09-21,0.0,77,0.226025,264,9,4
2021-09-22,0.0,80,0.2229,265,9,4
2021-09-23,0.0,81,0.219775,266,9,4
2021-09-24,0.0,80,0.21665,267,9,4
2021-09-25,0.0,80,0.213525,268,9,4
2021-09-26,0.0,76,0.2104,269,9,4
2021-09-27,0.0,72,0.207275,270,9,4
2021-09-28,0.0,70,0.20415,271,9,4
2021-09-29,0.0,67,0.20102499999999998,272,9,4
2021-09-30,0.0,71,0.1979,273,9,4
2021-10-01,0.0,74,0.19669999999999999,274,10,4
2021-10-02,0.0,74,0.1955,275,10,4
2021-10-03,0.0,74,0.1943,276,10,4
2021-10-04,0.0,72,0.1931,277,10,4
2021-10-05,0.0,75,0.1919,278,10,4
2021-10-06,0.0,72,0.19069999999999998,279,10,4
2021-10-07,0.0,69,0.1895,280,10,4
2021-10-08,0.4,64,0.1883,281,10,4
2021-10-09,0.0,59,0.1871,282,10,4
2021-10-10,0.0,63,0.1859,283,10,4
2021-10-11,0.0,63,0.1847,284,10,4
2021-10-12,0.0,58,0.1835,285,10,4
2021-10-13,0.0,58,0.1823,286,10,4
2021-10-14,0.0,60,0.18109999999999998,287,10,4
2021-10-15,0.0,64,0.1799,288,10,4
2021-10-16,0.0,67,0.1787,289,10,4
2021-10-17,0.0,68,0.17695625,290,10,4
2021-10-18,0.01,61,0.1752125,291,10,4
2021-10-19,0.0,57,0.17346875,292,10,4
2021-10-20,0.0,63,0.171725,293,10,4
2021-10-21,0.0,69,0.16998125,294,10,4
2021-10-22,0.0,67,0.16823749999999998,295,10,4
2021-10-23,0.0,62,0.16649375,296,10,4
2021-10-24,0.0,64,0.16475,297,10,4
2021-10-25,0.86,63,0.16300625,298,10,4
2021-10-26,0.0,54,0.1612625,299,10,4
2021-10-27,0.0,58,0.15951875,300,10,4
2021-10-28,0.0,63,0.157775,301,10,4
2021-10-29,0.0,65,0.15603124999999998,302,10,4
2021-10-30,0.0,66,0.1542875,303,10,4
2021-10-31,0.0,62,0.15254374999999998,304,10,4
2021-11-01,0.0,62,0.1508,305,11,4
2021-11-02,0.0,65,0.15383125,306,11,4
2021-11-03,0.0,64,0.1568625,307,11,4
2021-11-04,0.0,64,0.15989375,308,11,4
2021-11-05,0.0,61,0.162925,309,11,4
2021-11-06,0.0,61,0.16595625,310,11,4
2021-11-07,0.0,58,0.16898749999999998,311,11,4
2021-11-08,0.04,54,0.17201875,312,11,4
2021-11-09,0.26,60,0.17504999999999998,313,11,4
2021-11-10,0.0,55,0.17808125,314,11,4
2021-11-11,0.0,56,0.1811125,315,11,4
2021-11-12,0.0,56,0.18414375,316,11,4
2021-11-13,0.0,57,0.187175,317,11,4
2021-11-14,0.0,56,0.19020625,318,11,4
2021-11-15,0.0,57,0.1932375,319,11,4
2021-11-16,0.0,56,0.19626875,320,11,4
2021-11-17,0.0,58,0.1993,321,11,4
2021-11-18,0.0,54,0.20603125,322,11,4
2021-11-19,0.0,56,0.2127625,323,11,4
2021-11-20,0.0,56,0.21949375000000002,324,11,4
2021-11-21,0.0,53,0.226225,325,11,4
2021-11-22,0.0,51,0.23295625,326,11,4
2021-11-23,0.0,49,0.2396875,327,11,4
2021-11-24,0.0,51,0.24641875,328,11,4
2021-11-25,0.0,50,0.25315,329,11,4
2021-11-26,0.0,50,0.25988125,330,11,4
2021-11-27,0.0,52,0.2666125,331,11,4
2021-11-28,0.0,53,0.27334375,332,11,4
2021-11-29,0.0,54,0.280075,333,11,4
2021-11-30,0.0,55,0.28680625,334,11,4
2021-12-01,0.0,56,0.2935375,335,12,1
2021-12-02,0.0,56,0.30026875,336,12,1
2021-12-03,0.0,56,0.307,337,12,1
2021-12-04,0.0,50,0.29685625,338,12,1
2021-12-05,0.0,49,0.2867125,339,12,1
2021-12-06,0.0,47,0.27656875,340,12,1
2021-12-07,0.0,48,0.266425,341,12,1
2021-12-08,0.0,47,0.25628125,342,12,1
2021-12-09,0.41,53,0.2461375,343,12,1
2021-12-10,0.0,48,0.23599375,344,12,1
2021-12-11,0.0,47,0.22585,345,12,1
2021-12-12,0.0,47,0.21570625,346,12,1
2021-12-13,0.26,54,0.20556249999999998,347,12,1
2021-12-14,1.03,49,0.19541875,348,12,1
2021-12-15,0.0,42,0.185275,349,12,1
2021-12-16,0.07,48,0.17513125,350,12,1
2021-12-17,0.0,46,0.1649875,351,12,1
2021-12-18,0.0,47,0.15484375,352,12,1
2021-12-19,0.0,42,0.1447,353,12,1
2021-12-20,0.0,42,0.148,354,12,1
2021-12-21,0.0,41,0.1513,355,12,1
2021-12-22,0.4,43,0.1546,356,12,1
2021-12-23,0.75,53,0.15789999999999998,357,12,1
2021-12-24,0.05,55,0.16119999999999998,358,12,1
2021-12-25,0.16,49,0.16449999999999998,359,12,1
2021-12-26,0.0,48,0.1678,360,12,1
2021-12-27,0.29,47,0.1711,361,12,1
2021-12-28,0.01,44,0.1744,362,12,1
2021-12-29,0.21,44,0.1777,363,12,1
2021-12-30,0.0,46,0.181,364,12,1
2021-12-31,0.0,44,0.1843,365,12,1
2022-01-01,0.0,42,0.1876,1,1,1
2022-01-02,0.0,43,0.187325,2,1,1
2022-01-03,0.0,44,0.18705,3,1,1
2022-01-04,0.0,46,0.186775,4,1,1
2022-01-05,0.0,50,0.1865,5,1,1
2022-01-06,0.0,52,0.186225,6,1,1
2022-01-07,0.0,50,0.18595,7,1,1
2022-01-08,0.0,51,0.185675,8,1,1
2022-01-09,0.0,46,0.1854,9,1,1
2022-01-10,0.0,48,0.18512499999999998,10,1,1
2022-01-11,0.0,46,0.18485,11,1,1
2022-01-12,0.0,47,0.184575,12,1,1
2022-01-13,0.0,53,0.1843,13,1,1
2022-01-14,0.0,48,0.184025,14,1,1
2022-01-15,0.0,45,0.18375,15,1,1
2022-01-16,0.0,49,0.183475,16,1,1
2022-01-17,0.0,52,0.1832,17,1,1
2022-01-18,0.0,55,0.18260625,18,1,1
2022-01-19,0.0,51,0.1820125,19,1,1
2022-01-20,0.0,51,0.18141875,20,1,1
2022-01-21,0.0,49,0.180825,21,1,1
2022-01-22,0.0,47,0.18023125,22,1,1
2022-01-23,0.0,49,0.1796375,23,1,1
2022-01-24,0.0,49,0.17904375,24,1,1
2022-01-25,0.0,49,0.17845,25,1,1
2022-01-26,0.0,51,0.17785625,26,1,1
2022-01-27,0.0,51,0.1772625,27,1,1
2022-01-28,0.0,51,0.17666874999999999,28,1,1
2022-01-29,0.0,49,0.17607499999999998,29,1,1
2022-01-30,0.0,49,0.17548125,30,1,1
2022-01-31,0.0,49,0.1748875,31,1,1
2022-02-01,0.0,47,0.17429375,32,2,1
2022-02-02,0.0,45,0.1737,33,2,1
2022-02-03,0.0,47,0.1731125,34,2,1
2022-02-04,0.0,49,0.17252499999999998,35,2,1
2022-02-05,0.0,51,0.1719375,36,2,1
2022-02-06,0.0,50,0.17135,37,2,1
2022-02-07,0.0,53,0.17076249999999998,38,2,1
2022-02-08,0.0,54,0.170175,39,2,1
2022-02-09,0.0,56,0.1695875,40,2,1
2022-02-10,0.0,57,0.16899999999999998,41,2,1
2022-02-11,0.0,59,0.1684125,42,2,1
2022-02-12,0.0,61,0.167825,43,2,1
2022-02-13,0.0,62,0.1672375,44,2,1
2022-02-14,0.0,62,0.16665,45,2,1
2022-02-15,0.0,56,0.1660625,46,2,1
2022-02-16,0.0,50,0.165475,47,2,1
2022-02-17,0.0,53,0.1648875,48,2,1
2022-02-18,0.0,55,0.1643,49,2,1
2022-02-19,0.0,55,0.16463125,50,2,1
2022-02-20,0.0,57,0.1649625,51,2,1
2022-02-21,0.0,54,0.16529375,52,2,1
2022-02-22,0.04,50,0.165625,53,2,1
2022-02-23,0.0,43,0.16595625,54,2,1
2022-02-24,0.0,44,0.1662875,55,2,1
2022-02-25,0.0,47,0.16661875,56,2,1
2022-02-26,0.0,49,0.16695,57,2,1
2022-02-27,0.0,54,0.16728125,58,2,1
2022-02-28,0.0,56,0.1676125,59,2,1
2022-03-01,0.0,60,0.16794375,60,3,2
2022-03-02,0.0,62,0.168275,61,3,2
2022-03-03,0.0,62,0.16860625,62,3,2
2022-03-04,0.11,58,0.1689375,63,3,2
2022-03-05,0.07,47,0.16926875,64,3,2
2022-03-06,0.0,47,0.1696,65,3,2
2022-03-07,0.0,53,0.17208125,66,3,2
2022-03-08,0.0,55,0.1745625,67,3,2
2022-03-09,0.0,57,0.17704375,68,3,2
2022-03-10,0.0,58,0.179525,69,3,2
2022-03-11,0.0,57,0.18200625,70,3,2
2022-03-12,0.0,60,0.1844875,71,3,2
2022-03-13,0.0,61,0.18696875000000002,72,3,2
2022-03-14,0.0,58,0.18945,73,3,2
2022-03-15,0.0,61,0.19193125,74,3,2
2022-03-16,0.0,61,0.19441250000000002,75,3,2
2022-03-17,0.0,61,0.19689375,76,3,2
2022-03-18,0.0,61,0.19937500000000002,77,3,2
2022-03-19,0.02,63,0.20185625000000001,78,3,2
2022-03-20,0.0,53,0.2043375,79,3,2
2022-03-21,0.0,57,0.20681875000000002,80,3,2
2022-03-22,0.0,64,0.2093,81,3,2
2022-03-23,0.0,70,0.20977500000000002,82,3,2
2022-03-24,0.0,73,0.21025000000000002,83,3,2
2022-03-25,0.0,74,0.21072500000000002,84,3,2
2022-03-26,0.0,72,0.2112,85,3,2
2022-03-27,0.0,71,0.211675,86,3,2
2022-03-28,0.54,61,0.21215,87,3,2
2022-03-29,0.0,54,0.212625,88,3,2
2022-03-30,0.0,62,0.2131,89,3,2
2022-03-31,0.0,57,0.21357500000000001,90,3,2
2022-04-01,0.0,62,0.21405000000000002,91,4,2
2022-04-02,0.0,66,0.21452500000000002,92,4,2
2022-04-03,0.0,68,0.21500000000000002,93,4,2
2022-04-04,0.0,65,0.215475,94,4,2
2022-04-05,0.0,66,0.21595,95,4,2
2022-04-06,0.0,65,0.216425,96,4,2
2022-04-07,0.0,73,0.2169,97,4,2
2022-04-08,0.0,78,0.21699375,98,4,2
2022-04-09,0.0,74,0.21708750000000002,99,4,2
2022-04-10,0.0,62,0.21718125000000002,100,4,2
2022-04-11,0.0,58,0.217275,101,4,2
2022-04-12,0.0,52,0.21736875,102,4,2
2022-04-13,0.0,53,0.2174625,103,4,2
2022-04-14,0.0,59,0.21755625,104,4,2
2022-04-15,0.0,61,0.21765,105,4,2
2022-04-16,0.09,65,0.21774375,106,4,2
2022-04-17,0.0,62,0.21783750000000002,107,4,2
2022-04-18,0.0,64,0.21793125000000002,108,4,2
2022-04-19,0.0,66,0.21802500000000002,109,4,2
2022-04-20,0.0,62,0.21811875,110,4,2
2022-04-21,0.16,61,0.2182125,111,4,2
2022-04-22,0.05,56,0.21830625,112,4,2
2022-04-23,0.0,59,0.2184,113,4,2
2022-04-24,0.0,65,0.21916875000000002,114,4,2
2022-04-25,0.0,70,0.2199375,115,4,2
2022-04-26,0.0,69,0.22070625,116,4,2
2022-04-27,0.0,65,0.221475,117,4,2
2022-04-28,0.0,64,0.22224375000000002,118,4,2
2022-04-29,0.0,61,0.2230125,119,4,2
2022-04-30,0.0,68,0.22378125,120,4,2
2022-05-01,0.0,66,0.22455,121,5,2
2022-05-02,0.0,70,0.22531875,122,5,2
2022-05-03,0.0,64,0.2260875,123,5,2
2022-05-04,0.0,72,0.22685624999999998,124,5,2
2022-05-05,0.0,77,0.227625,125,5,2
2022-05-06,0.0,72,0.22839375,126,5,2
2022-05-07,0.0,70,0.2291625,127,5,2
2022-05-08,0.0,63,0.22993124999999998,128,5,2
2022-05-09,0.0,56,0.2307,129,5,2
2022-05-10,0.0,56,0.23080625,130,5,2
2022-05-11,0.0,57,0.2309125,131,5,2
2022-05-12,0.0,62,0.23101875,132,5,2
2022-05-13,0.0,66,0.231125,133,5,2
2022-05-14,0.0,74,0.23123125,134,5,2
2022-05-15,0.0,79,0.2313375,135,5,2
2022-05-16,0.0,75,0.23144375,136,5,2
2022-05-17,0.0,71,0.23154999999999998,137,5,2
2022-05-18,0.0,77,0.23165624999999998,138,5,2
2022-05-19,0.0,82,0.23176249999999998,139,5,2
2022-05-20,0.0,74,0.23186874999999998,140,5,2
2022-05-21,0.0,71,0.231975,141,5,2
2022-05-22,0.0,76,0.23208125,142,5,2
2022-05-23,0.0,78,0.2321875,143,5,2
2022-05-24,0.0,81,0.23229375,144,5,2
2022-05-25,0.0,85,0.2324,145,5,2
2022-05-26,0.0,87,0.2320875,146,5,2
2022-05-27,0.0,75,0.231775,147,5,2
2022-05-28,0.0,73,0.2314625,148,5,2
2022-05-29,0.0,69,0.23115,149,5,2
2022-05-30,0.0,70,0.2308375,150,5,2
2022-05-31,0.0,71,0.23052499999999998,151,5,2
2022-06-01,0.0,78,0.2302125,152,6,3
2022-06-02,0.0,81,0.2299,153,6,3
2022-06-03,0.0,79,0.2295875,154,6,3
2022-06-04,0.0,75,0.229275,155,6,3
2022-06-05,0.0,77,0.22896249999999999,156,6,3
2022-06-06,0.0,78,0.22865,157,6,3
2022-06-07,0.0,78,0.2283375,158,6,3
2022-06-08,0.0,80,0.22802499999999998,159,6,3
2022-06-09,0.0,81,0.22771249999999998,160,6,3
2022-06-10,0.0,87,0.2274,161,6,3
2022-06-11,0.0,89,0.22771875,162,6,3
2022-06-12,0.0,87,0.2280375,163,6,3
2022-06-13,0.0,76,0.22835624999999998,164,6,3
2022-06-14,0.0,74,0.228675,165,6,3
2022-06-15,0.0,79,0.22899375,166,6,3
2022-06-16,0.0,82,0.2293125,167,6,3
2022-06-17,0.0,71,0.22963125,168,6,3
2022-06-18,0.0,67,0.22995,169,6,3
2022-06-19,0.0,70,0.23026875,170,6,3
2022-06-20,0.0,77,0.2305875,171,6,3
2022-06-21,0.0,82,0.23090625,172,6,3
2022-06-22,0.0,87,0.231225,173,6,3
2022-06-23,0.0,89,0.23154375000000002,174,6,3
2022-06-24,0.0,89,0.2318625,175,6,3
2022-06-25,0.0,90,0.23218125,176,6,3
2022-06-26,0.0,89,0.2325,177,6,3
2022-06-27,0.0,91,0.22975,178,6,3
2022-06-28,0.0,90,0.227,179,6,3
2022-06-29,0.0,87,0.22425,180,6,3
2022-06-30,0.0,84,0.2215,181,6,3
2022-07-01,0.0,82,0.21875,182,7,3
2022-07-02,0.0,80,0.216,183,7,3
2022-07-03,0.0,74,0.21325,184,7,3
2022-07-04,0.0,74,0.21050000000000002,185,7,3
2022-07-05,0.0,79,0.20775000000000002,186,7,3
2022-07-06,0.0,78,0.20500000000000002,187,7,3
2022-07-07,0.0,78,0.20225,188,7,3
2022-07-08,0.0,83,0.1995,189,7,3
2022-07-09,0.0,84,0.19675,190,7,3
2022-07-10,0.0,83,0.194,191,7,3
2022-07-11,0.0,88,0.19125,192,7,3
2022-07-12,0.0,90,0.1885,193,7,3
2022-07-13,0.0,85,0.18703125,194,7,3
2022-07-14,0.0,86,0.1855625,195,7,3
2022-07-15,0.0,88,0.18409375,196,7,3
2022-07-16,0.0,90,0.182625,197,7,3
2022-07-17,0.0,94,0.18115625,198,7,3
2022-07-18,0.0,91,0.1796875,199,7,3
2022-07-19,0.0,90,0.17821875,200,7,3
2022-07-20,0.0,90,0.17675000000000002,201,7,3
2022-07-21,0.0,89,0.17528125,202,7,3
2022-07-22,0.0,89,0.1738125,203,7,3
2022-07-23,0.0,87,0.17234375000000002,204,7,3
2022-07-24,0.0,86,0.170875,205,7,3
2022-07-25,0.0,87,0.16940625,206,7,3
2022-07-26,0.0,87,0.16793750000000002,207,7,3
2022-07-27,0.0,85,0.16646875,208,7,3
2022-07-28,0.0,87,0.165,209,7,3
2022-07-29,0.0,89,0.16868125,210,7,3
2022-07-30,0.0,88,0.1723625,211,7,3
2022-07-31,0.0,89,0.17604375,212,7,3
2022-08-01,0.0,88,0.179725,213,8,3
2022-08-02,0.0,85,0.18340625,214,8,3
2022-08-03,0.0,89,0.1870875,215,8,3
2022-08-04,0.0,93,0.19076875,216,8,3
2022-08-05,0.05,85,0.19445,217,8,3
2022-08-06,0.0,81,0.19813125,218,8,3
2022-08-07,0.0,82,0.2018125,219,8,3
2022-08-08,0.0,83,0.20549375,220,8,3
2022-08-09,0.0,84,0.209175,221,8,3
2022-08-10,0.0,81,0.21285625,222,8,3
2022-08-11,0.0,83,0.2165375,223,8,3
2022-08-12,0.0,83,0.22021875,224,8,3
2022-08-13,0.0,83,0.2239,225,8,3
2022-08-14,0.0,85,0.22294999999999998,226,8,3
2022-08-15,0.0,87,0.22199999999999998,227,8,3
2022-08-16,0.0,89,0.22105,228,8,3
2022-08-17,0.0,93,0.2201,229,8,3
2022-08-18,0.0,89,0.21914999999999998,230,8,3
2022-08-19,0.0,89,0.2182,231,8,3
2022-08-20,0.0,89,0.21725,232,8,3
2022-08-21,0.0,89,0.2163,233,8,3
2022-08-22,0.0,86,0.21534999999999999,234,8,3
2022-08-23,0.0,87,0.21439999999999998,235,8,3
2022-08-24,0.0,89,0.21345,236,8,3
2022-08-25,0.0,89,0.2125,237,8,3
2022-08-26,0.0,86,0.21155,238,8,3
2022-08-27,0.0,86,0.2106,239,8,3
2022-08-28,0.0,83,0.20965,240,8,3
2022-08-29,0.0,83,0.2087,241,8,3
2022-08-30,0.0,86,0.20999375,242,8,3
2022-08-31,0.0,86,0.2112875,243,8,3
2022-09-01,0.0,88,0.21258125,244,9,4
2022-09-02,0.0,92,0.21387499999999998,245,9,4
2022-09-03,0.0,91,0.21516875,246,9,4
2022-09-04,0.0,90,0.2164625,247,9,4
2022-09-05,0.0,93,0.21775624999999998,248,9,4
2022-09-06,0.0,96,0.21905,249,9,4
2022-09-07,0.0,97,0.22034375,250,9,4
2022-09-08,0.0,93,0.2216375,251,9,4
2022-09-09,0.0,93,0.22293125,252,9,4
2022-09-10,0.0,91,0.224225,253,9,4
2022-09-11,0.0,83,0.22551875,254,9,4
2022-09-12,0.0,86,0.2268125,255,9,4
2022-09-13,0.0,83,0.22810624999999998,256,9,4
2022-09-14,0.0,74,0.2294,257,9,4
2022-09-15,0.0,73,0.227675,258,9,4
2022-09-16,0.0,72,0.22594999999999998,259,9,4
2022-09-17,0.0,74,0.224225,260,9,4
2022-09-18,0.0,71,0.2225,261,9,4
2022-09-19,0.06,69,0.220775,262,9,4
2022-09-20,0.0,69,0.21905,263,9,4
2022-09-21,0.0,72,0.217325,264,9,4
2022-09-22,0.0,71,0.2156,265,9,4
2022-09-23,0.0,74,0.213875,266,9,4
2022-09-24,0.0,78,0.21215,267,9,4
2022-09-25,0.0,82,0.210425,268,9,4
2022-09-26,0.0,83,0.2087,269,9,4
2022-09-27,0.0,82,0.206975,270,9,4
2022-09-28,0.0,78,0.20525000000000002,271,9,4
2022-09-29,0.0,78,0.203525,272,9,4
2022-09-30,0.0,77,0.2018,273,9,4
2022-10-01,0.0,78,0.20297500000000002,274,10,4
2022-10-02,0.0,74,0.20415,275,10,4
2022-10-03,0.0,73,0.205325,276,10,4
2022-10-04,0.0,76,0.20650000000000002,277,10,4
2022-10-05,0.0,77,0.207675,278,10,4
2022-10-06,0.0,79,0.20885,279,10,4
2022-10-07,0.0,79,0.210025,280,10,4
2022-10-08,0.0,79,0.2112,281,10,4
2022-10-09,0.0,79,0.212375,282,10,4
2022-10-10,0.0,78,0.21355,283,10,4
2022-10-11,0.0,78,0.214725,284,10,4
2022-10-12,0.0,76,0.21589999999999998,285,10,4
2022-10-13,0.0,75,0.217075,286,10,4
2022-10-14,0.0,73,0.21825,287,10,4
2022-10-15,0.0,74,0.21942499999999998,288,10,4
2022-10-16,0.0,68,0.2206,289,10,4
2022-10-17,0.0,67,0.2215125,290,10,4
2022-10-18,0.0,70,0.22242499999999998,291,10,4
2022-10-19,0.0,72,0.2233375,292,10,4
2022-10-20,0.0,74,0.22425,293,10,4
2022-10-21,0.0,74,0.2251625,294,10,4
2022-10-22,0.0,71,0.226075,295,10,4
2022-10-23,0.0,61,0.22698749999999998,296,10,4
2022-10-24,0.0,59,0.2279,297,10,4
2022-10-25,0.0,62,0.2288125,298,10,4
2022-10-26,0.0,61,0.22972499999999998,299,10,4
2022-10-27,0.0,58,0.2306375,300,10,4
2022-10-28,0.0,62,0.23154999999999998,301,10,4
2022-10-29,0.0,61,0.2324625,302,10,4
2022-10-30,0.0,61,0.233375,303,10,4
2022-10-31,0.0,62,0.23428749999999998,304,10,4
2022-11-01,0.13,60,0.2352,305,11,4
2022-11-02,0.01,53,0.23077499999999998,306,11,4
2022-11-03,0.0,49,0.22635,307,11,4
2022-11-04,0.0,50,0.22192499999999998,308,11,4
2022-11-05,0.0,53,0.2175,309,11,4
2022-11-06,0.04,59,0.213075,310,11,4
2022-11-07,0.3,56,0.20865,311,11,4
2022-11-08,0.17,52,0.204225,312,11,4
2022-11-09,0.01,51,0.19979999999999998,313,11,4
2022-11-10,0.0,49,0.195375,314,11,4
2022-11-11,0.0,49,0.19094999999999998,315,11,4
2022-11-12,0.0,50,0.186525,316,11,4
2022-11-13,0.0,48,0.18209999999999998,317,11,4
2022-11-14,0.0,49,0.177675,318,11,4
2022-11-15,0.0,50,0.17325,319,11,4
2022-11-16,0.0,51,0.168825,320,11,4
2022-11-17,0.0,52,0.1644,321,11,4
2022-11-18,0.0,50,0.17104375,322,11,4
2022-11-19,0.0,50,0.1776875,323,11,4
2022-11-20,0.0,50,0.18433125,324,11,4
2022-11-21,0.0,49,0.190975,325,11,4
2022-11-22,0.0,50,0.19761874999999998,326,11,4
2022-11-23,0.0,50,0.20426249999999999,327,11,4
2022-11-24,0.0,51,0.21090625,328,11,4
2022-11-25,0.0,53,0.21755,329,11,4
2022-11-26,0.0,53,0.22419375,330,11,4
2022-11-27,0.0,51,0.2308375,331,11,4
2022-11-28,0.0,51,0.23748125,332,11,4
2022-11-29,0.0,48,0.24412499999999998,333,11,4
2022-11-30,0.0,47,0.25076875,334,11,4
2022-12-01,0.64,51,0.2574125,335,12,1
2022-12-02,0.0,46,0.26405625,336,12,1
2022-12-03,0.78,50,0.2707,337,12,1
2022-12-04,0.27,57,0.2655,338,12,1
2022-12-05,0.0,55,0.2603,339,12,1
2022-12-06,0.0,50,0.2551,340,12,1
2022-12-07,0.0,49,0.2499,341,12,1
2022-12-08,0.0,47,0.2447,342,12,1
2022-12-09,0.0,49,0.2395,343,12,1
2022-12-10,0.86,53,0.2343,344,12,1
2022-12-11,0.02,53,0.2291,345,12,1
2022-12-12,0.02,48,0.2239,346,12,1
2022-12-13,0.0,44,0.2187,347,12,1
2022-12-14,0.0,44,0.2135,348,12,1
2022-12-15,0.0,44,0.20829999999999999,349,12,1
2022-12-16,0.0,44,0.2031,350,12,1
2022-12-17,0.0,42,0.1979,351,12,1
2022-12-18,0.0,40,0.1927,352,12,1
2022-12-19,0.0,39,0.1875,353,12,1
2022-12-20,0.0,40,0.1875,354,12,1
2022-12-21,0.0,40,0.1875,355,12,1
2022-12-22,0.0,39,0.1875,356,12,1
2022-12-23,0.0,41,0.1875,357,12,1
2022-12-24,0.0,40,0.1875,358,12,1
2022-12-25,0.0,41,0.1875,359,12,1
2022-12-26,0.02,42,0.1875,360,12,1
2022-12-27,1.18,50,0.1875,361,12,1
2022-12-28,0.0,51,0.1875,362,12,1
2022-12-29,0.24,50,0.1875,363,12,1
2022-12-30,0.13,52,0.1875,364,12,1
2022-12-31,0.43,58,0.1875,365,12,1
2023-01-01,0.17,52,0.1875,1,1,1
2023-01-02,0.33,45,0.18761875,2,1,1
2023-01-03,0.0,50,0.1877375,3,1,1
2023-01-04,0.16,53,0.18785625,4,1,1
2023-01-05,0.43,57,0.187975,5,1,1
2023-01-06,0.0,49,0.18809375,6,1,1
2023-01-07,0.0,51,0.1882125,7,1,1
2023-01-08,0.23,56,0.18833125,8,1,1
2023-01-09,1.53,57,0.18845,9,1,1
2023-01-10,0.13,57,0.18856875,10,1,1
2023-01-11,0.02,51,0.1886875,11,1,1
2023-01-12,0.0,53,0.18880625,12,1,1
2023-01-13,0.0,56,0.188925,13,1,1
2023-01-14,0.69,54,0.18904375,14,1,1
2023-01-15,0.0,51,0.1891625,15,1,1
2023-01-16,0.21,50,0.18928125,16,1,1
2023-01-17,0.0,45,0.1894,17,1,1
2023-01-18,0.0,44,0.19084375,18,1,1
2023-01-19,0.05,48,0.1922875,19,1,1
2023-01-20,0.0,46,0.19373125000000002,20,1,1
2023-01-21,0.0,44,0.19517500000000002,21,1,1
2023-01-22,0.0,44,0.19661875,22,1,1
2023-01-23,0.0,44,0.1980625,23,1,1
2023-01-24,0.0,44,0.19950625,24,1,1
2023-01-25,0.0,46,0.20095000000000002,25,1,1
2023-01-26,0.0,48,0.20239375,26,1,1
2023-01-27,0.0,49,0.2038375,27,1,1
2023-01-28,0.0,49,0.20528125,28,1,1
2023-01-29,0.0,47,0.206725,29,1,1
2023-01-30,0.0,45,0.20816874999999999,30,1,1
2023-01-31,0.0,42,0.2096125,31,1,1
2023-02-01,0.0,45,0.21105625,32,2,1
2023-02-02,0.0,49,0.2125,33,2,1
2023-02-03,0.0,54,0.20968124999999999,34,2,1
2023-02-04,0.03,53,0.2068625,35,2,1
2023-02-05,0.6,56,0.20404375,36,2,1
2023-02-06,0.0,43,0.201225,37,2,1
2023-02-07,0.0,46,0.19840625,38,2,1
2023-02-08,0.0,48,0.1955875,39,2,1
2023-02-09,0.0,52,0.19276875,40,2,1
2023-02-10,0.0,54,0.18995,41,2,1
2023-02-11,0.0,53,0.18713125,42,2,1
2023-02-12,0.0,49,0.1843125,43,2,1
2023-02-13,0.0,51,0.18149374999999998,44,2,1
2023-02-14,0.0,52,0.178675,45,2,1
2023-02-15,0.0,42,0.17585625,46,2,1
2023-02-16,0.0,45,0.17303749999999998,47,2,1
2023-02-17,0.0,48,0.17021875,48,2,1
2023-02-18,0.0,47,0.1674,49,2,1
2023-02-19,0.0,50,0.17266874999999998,50,2,1
2023-02-20,0.0,52,0.1779375,51,2,1
2023-02-21,0.0,54,0.18320625,52,2,1
2023-02-22,0.18,46,0.188475,53,2,1
2023-02-23,0.0,42,0.19374375,54,2,1
2023-02-24,2.16,45,0.19901249999999998,55,2,1
2023-02-25,0.69,42,0.20428125,56,2,1
2023-02-26,0.02,43,0.20955,57,2,1
2023-02-27,0.15,48,0.21481874999999997,58,2,1
2023-02-28,0.43,45,0.2200875,59,2,1
2023-03-01,0.39,44,0.22535624999999998,60,3,2
2023-03-02,0.0,45,0.23062499999999997,61,3,2
2023-03-03,0.0,48,0.23589374999999999,62,3,2
2023-03-04,0.0,51,0.24116249999999997,63,3,2
2023-03-05,0.32,48,0.24643125,64,3,2
2023-03-06,0.0,46,0.2517,65,3,2
2023-03-07,0.0,49,0.25051249999999997,66,3,2
2023-03-08,0.0,49,0.249325,67,3,2
2023-03-09,0.42,50,0.24813749999999998,68,3,2
2023-03-10,0.88,55,0.24694999999999998,69,3,2
2023-03-11,0.04,60,0.2457625,70,3,2
2023-03-12,0.36,60,0.244575,71,3,2
2023-03-13,0.0,59,0.24338749999999998,72,3,2
2023-03-14,0.52,60,0.24219999999999997,73,3,2
2023-03-15,0.14,56,0.2410125,74,3,2
2023-03-16,0.0,53,0.23982499999999998,75,3,2
2023-03-17,0.0,58,0.23863749999999997,76,3,2
2023-03-18,0.0,60,0.23745,77,3,2
2023-03-19,0.18,60,0.2362625,78,3,2
2023-03-20,0.0,58,0.23507499999999998,79,3,2
2023-03-21,0.35,57,0.2338875,80,3,2
2023-03-22,0.01,51,0.2327,81,3,2
2023-03-23,0.0,52,0.23052499999999998,82,3,2
2023-03-24,0.0,51,0.22835,83,3,2
2023-03-25,0.0,50,0.226175,84,3,2
2023-03-26,0.0,50,0.22399999999999998,85,3,2
2023-03-27,0.0,50,0.221825,86,3,2
2023-03-28,0.35,56,0.21964999999999998,87,3,2
2023-03-29,0.04,51,0.217475,88,3,2
2023-03-30,0.0,50,0.2153,89,3,2
2023-03-31,0.0,51,0.21312499999999998,90,3,2
2023-04-01,0.0,54,0.21095,91,4,2
2023-04-02,0.0,57,0.208775,92,4,2
2023-04-03,0.0,53,0.2066,93,4,2
2023-04-04,0.0,49,0.204425,94,4,2
2023-04-05,0.0,51,0.20224999999999999,95,4,2
2023-04-06,0.0,56,0.200075,96,4,2
2023-04-07,0.0,62,0.1979,97,4,2
2023-04-08,0.0,62,0.19856875,98,4,2
2023-04-09,0.0,64,0.19923749999999998,99,4,2
2023-04-10,0.0,69,0.19990625,100,4,2
2023-04-11,0.0,68,0.200575,101,4,2
2023-04-12,0.0,61,0.20124375,102,4,2
2023-04-13,0.0,56,0.2019125,103,4,2
2023-04-14,0.0,58,0.20258125,104,4,2
2023-04-15,0.0,62,0.20325,105,4,2
2023-04-16,0.0,64,0.20391875,106,4,2
2023-04-17,0.0,62,0.2045875,107,4,2
2023-04-18,0.0,57,0.20525625,108,4,2
2023-04-19,0.0,55,0.205925,109,4,2
2023-04-20,0.0,58,0.20659375,110,4,2
2023-04-21,0.0,64,0.20726250000000002,111,4,2
2023-04-22,0.0,69,0.20793125,112,4,2
2023-04-23,0.0,71,0.2086,113,4,2
2023-04-24,0.0,69,0.2097,114,4,2
2023-04-25,0.0,68,0.21080000000000002,115,4,2
2023-04-26,0.0,74,0.2119,116,4,2
2023-04-27,0.0,77,0.21300000000000002,117,4,2
2023-04-28,0.0,80,0.2141,118,4,2
2023-04-29,0.0,80,0.2152,119,4,2
2023-04-30,0.0,77,0.21630000000000002,120,4,2
2023-05-01,0.0,62,0.2174,121,5,2
2023-05-02,0.0,58,0.2185,122,5,2
2023-05-03,0.02,59,0.21960000000000002,123,5,2
2023-05-04,0.33,57,0.2207,124,5,2
2023-05-05,0.0,59,0.2218,125,5,2
2023-05-06,0.0,61,0.22290000000000001,126,5,2
2023-05-07,0.0,62,0.224,127,5,2
2023-05-08,0.0,64,0.22510000000000002,128,5,2
2023-05-09,0.0,63,0.2262,129,5,2
2023-05-10,0.0,63,0.22533125,130,5,2
2023-05-11,0.0,64,0.2244625,131,5,2
2023-05-12,0.0,70,0.22359375,132,5,2
2023-05-13,0.0,77,0.222725,133,5,2
2023-05-14,0.0,82,0.22185625,134,5,2
2023-05-15,0.0,83,0.2209875,135,5,2
2023-05-16,0.0,80,0.22011875,136,5,2
2023-05-17,0.0,82,0.21925,137,5,2
2023-05-18,0.0,82,0.21838125,138,5,2
2023-05-19,0.0,80,0.2175125,139,5,2
2023-05-20,0.0,78,0.21664375,140,5,2
2023-05-21,0.0,78,0.215775,141,5,2
2023-05-22,0.0,82,0.21490625,142,5,2
2023-05-23,0.0,80,0.2140375,143,5,2
2023-05-24,0.0,69,0.21316875,144,5,2
2023-05-25,0.0,68,0.2123,145,5,2
2023-05-26,0.0,68,0.21316249999999998,146,5,2
2023-05-27,0.0,72,0.214025,147,5,2
2023-05-28,0.0,74,0.21488749999999998,148,5,2
2023-05-29,0.0,71,0.21575,149,5,2
2023-05-30,0.0,69,0.21661249999999999,150,5,2
2023-05-31,0.0,69,0.217475,151,5,2
2023-06-01,0.0,71,0.2183375,152,6,3
2023-06-02,0.0,71,0.2192,153,6,3
2023-06-03,0.0,77,0.2200625,154,6,3
2023-06-04,0.0,82,0.22092499999999998,155,6,3
2023-06-05,0.0,81,0.2217875,156,6,3
2023-06-06,0.0,71,0.22265,157,6,3
2023-06-07,0.0,70,0.2235125,158,6,3
2023-06-08,0.0,72,0.224375,159,6,3
2023-06-09,0.0,74,0.2252375,160,6,3
2023-06-10,0.0,73,0.2261,161,6,3
2023-06-11,0.0,72,0.22581874999999998,162,6,3
2023-06-12,0.0,72,0.2255375,163,6,3
2023-06-13,0.0,75,0.22525625,164,6,3
2023-06-14,0.0,78,0.22497499999999998,165,6,3
2023-06-15,0.0,80,0.22469375,166,6,3
2023-06-16,0.0,80,0.2244125,167,6,3
2023-06-17,0.0,82,0.22413125,168,6,3
2023-06-18,0.0,82,0.22385,169,6,3
2023-06-19,0.0,71,0.22356874999999998,170,6,3
2023-06-20,0.0,68,0.2232875,171,6,3
2023-06-21,0.0,71,0.22300625,172,6,3
2023-06-22,0.0,72,0.222725,173,6,3
2023-06-23,0.0,68,0.22244375,174,6,3
2023-06-24,0.0,71,0.22216249999999998,175,6,3
2023-06-25,0.0,73,0.22188125,176,6,3
2023-06-26,0.0,73,0.2216,177,6,3
2023-06-27,0.0,74,0.21955624999999998,178,6,3
2023-06-28,0.0,77,0.2175125,179,6,3
2023-06-29,0.0,81,0.21546875,180,6,3
2023-06-30,0.0,88,0.213425,181,6,3
2023-07-01,0.0,92,0.21138125,182,7,3
2023-07-02,0.0,94,0.2093375,183,7,3
2023-07-03,0.0,91,0.20729375,184,7,3
2023-07-04,0.0,86,0.20525,185,7,3
2023-07-05,0.0,84,0.20320625,186,7,3
2023-07-06,0.0,80,0.2011625,187,7,3
2023-07-07,0.0,78,0.19911875,188,7,3
2023-07-08,0.0,77,0.197075,189,7,3
2023-07-09,0.0,75,0.19503125000000002,190,7,3
2023-07-10,0.0,74,0.1929875,191,7,3
2023-07-11,0.0,82,0.19094375000000002,192,7,3
2023-07-12,0.0,86,0.1889,193,7,3
2023-07-13,0.0,86,0.1899375,194,7,3
2023-07-14,0.0,86,0.190975,195,7,3
2023-07-15,0.0,90,0.1920125,196,7,3
2023-07-16,0.0,93,0.19305,197,7,3
2023-07-17,0.0,94,0.1940875,198,7,3
2023-07-18,0.0,93,0.195125,199,7,3
2023-07-19,0.0,89,0.1961625,200,7,3
2023-07-20,0.0,88,0.1972,201,7,3
2023-07-21,0.0,89,0.1982375,202,7,3
2023-07-22,0.0,93,0.199275,203,7,3
2023-07-23,0.0,94,0.2003125,204,7,3
2023-07-24,0.0,89,0.20135,205,7,3
2023-07-25,0.0,86,0.2023875,206,7,3
2023-07-26,0.0,88,0.203425,207,7,3
2023-07-27,0.0,88,0.2044625,208,7,3
2023-07-28,0.0,85,0.2055,209,7,3
2023-07-29,0.0,86,0.20383125,210,7,3
2023-07-30,0.0,86,0.2021625,211,7,3
2023-07-31,0.0,88,0.20049375,212,7,3
2023-08-01,0.0,87,0.19882499999999997,213,8,3
2023-08-02,0.0,80,0.19715624999999998,214,8,3
2023-08-03,0.0,77,0.19548749999999998,215,8,3
2023-08-04,0.0,77,0.19381874999999998,216,8,3
2023-08-05,0.0,84,0.19215,217,8,3
2023-08-06,0.0,86,0.19048125,218,8,3
2023-08-07,0.0,89,0.1888125,219,8,3
2023-08-08,0.0,87,0.18714375,220,8,3
2023-08-09,0.0,83,0.185475,221,8,3
2023-08-10,0.0,81,0.18380624999999998,222,8,3
2023-08-11,0.0,80,0.18213749999999998,223,8,3
2023-08-12,0.0,83,0.18046874999999998,224,8,3
2023-08-13,0.0,87,0.1788,225,8,3
2023-08-14,0.0,90,0.1782875,226,8,3
2023-08-15,0.0,91,0.177775,227,8,3
2023-08-16,0.0,92,0.1772625,228,8,3
2023-08-17,0.0,92,0.17675,229,8,3
2023-08-18,0.0,88,0.1762375,230,8,3
2023-08-19,0.03,84,0.175725,231,8,3
2023-08-20,0.12,78,0.1752125,232,8,3
2023-08-21,0.03,75,0.1747,233,8,3
2023-08-22,0.01,77,0.1741875,234,8,3
2023-08-23,0.0,82,0.173675,235,8,3
2023-08-24,0.0,86,0.1731625,236,8,3
2023-08-25,0.0,82,0.17265,237,8,3
2023-08-26,0.0,82,0.1721375,238,8,3
2023-08-27,0.0,82,0.171625,239,8,3
2023-08-28,0.0,83,0.1711125,240,8,3
2023-08-29,0.0,85,0.1706,241,8,3
2023-08-30,0.0,81,0.17456875,242,8,3
2023-08-31,0.0,85,0.17853750000000002,243,8,3
2023-09-01,0.0,81,0.18250625,244,9,4
2023-09-02,0.0,75,0.186475,245,9,4
2023-09-03,0.0,74,0.19044375,246,9,4
2023-09-04,0.0,71,0.1944125,247,9,4
2023-09-05,0.0,77,0.19838125,248,9,4
2023-09-06,0.0,80,0.20235,249,9,4
2023-09-07,0.0,79,0.20631875,250,9,4
2023-09-08,0.0,82,0.21028750000000002,251,9,4
2023-09-09,0.0,85,0.21425625,252,9,4
2023-09-10,0.0,83,0.218225,253,9,4
2023-09-11,0.0,82,0.22219375,254,9,4
2023-09-12,0.0,80,0.2261625,255,9,4
2023-09-13,0.0,79,0.23013125,256,9,4
2023-09-14,0.0,79,0.2341,257,9,4
2023-09-15,0.0,81,0.2316375,258,9,4
2023-09-16,0.0,80,0.22917500000000002,259,9,4
2023-09-17,0.0,75,0.2267125,260,9,4
2023-09-18,0.0,73,0.22425,261,9,4
2023-09-19,0.0,74,0.2217875,262,9,4
2023-09-20,0.0,76,0.219325,263,9,4
2023-09-21,0.0,72,0.2168625,264,9,4
2023-09-22,0.0,71,0.2144,265,9,4
2023-09-23,0.0,73,0.2119375,266,9,4
2023-09-24,0.0,73,0.20947500000000002,267,9,4
2023-09-25,0.0,72,0.20701250000000002,268,9,4
2023-09-26,0.0,71,0.20455,269,9,4
2023-09-27,0.0,72,0.2020875,270,9,4
2023-09-28,0.0,72,0.199625,271,9,4
2023-09-29,0.0,73,0.19716250000000002,272,9,4
2023-09-30,0.0,68,0.1947,273,9,4
2023-10-01,0.0,63,0.1929375,274,10,4
2023-10-02,0.0,69,0.191175,275,10,4
2023-10-03,0.0,70,0.1894125,276,10,4
2023-10-04,0.0,73,0.18765,277,10,4
2023-10-05,0.0,77,0.1858875,278,10,4
2023-10-06,0.0,79,0.184125,279,10,4
2023-10-07,0.0,80,0.1823625,280,10,4
2023-10-08,0.0,81,0.1806,281,10,4
2023-10-09,0.0,77,0.1788375,282,10,4
2023-10-10,0.0,67,0.177075,283,10,4
2023-10-11,0.0,67,0.1753125,284,10,4
2023-10-12,0.0,63,0.17355,285,10,4
2023-10-13,0.0,67,0.1717875,286,10,4
2023-10-14,0.0,69,0.170025,287,10,4
2023-10-15,0.0,70,0.1682625,288,10,4
2023-10-16,0.0,72,0.1665,289,10,4
2023-10-17,0.0,70,0.168225,290,10,4
2023-10-18,0.0,72,0.16995000000000002,291,10,4
2023-10-19,0.0,74,0.171675,292,10,4
2023-10-20,0.0,76,0.1734,293,10,4
2023-10-21,0.0,73,0.175125,294,10,4
2023-10-22,0.0,67,0.17685,295,10,4
2023-10-23,0.0,64,0.178575,296,10,4
2023-10-24,0.0,64,0.18030000000000002,297,10,4
2023-10-25,0.0,67,0.182025,298,10,4
2023-10-26,0.0,63,0.18375,299,10,4
2023-10-27,0.0,58,0.185475,300,10,4
2023-10-28,0.0,56,0.1872,301,10,4
2023-10-29,0.0,56,0.188925,302,10,4
2023-10-30,0.0,58,0.19065,303,10,4
2023-10-31,0.0,60,0.192375,304,10,4
2023-11-01,0.0,60,0.1941,305,11,4
2023-11-02,0.0,61,0.19455625,306,11,4
2023-11-03,0.0,63,0.1950125,307,11,4
2023-11-04,0.0,64,0.19546875,308,11,4
2023-11-05,0.0,65,0.195925,309,11,4
2023-11-06,0.09,66,0.19638125,310,11,4
2023-11-07,0.0,62,0.1968375,311,11,4
2023-11-08,0.0,56,0.19729375,312,11,4
2023-11-09,0.0,56,0.19774999999999998,313,11,4
2023-11-10,0.0,55,0.19820625,314,11,4
2023-11-11,0.0,55,0.1986625,315,11,4
2023-11-12,0.0,57,0.19911874999999998,316,11,4
2023-11-13,0.0,61,0.199575,317,11,4
2023-11-14,0.0,60,0.20003125,318,11,4
2023-11-15,0.02,58,0.20048749999999999,319,11,4
2023-11-16,0.0,62,0.20094375,320,11,4
2023-11-17,0.0,62,0.2014,321,11,4
2023-11-18,0.1,63,0.201425,322,11,4
2023-11-19,0.0,57,0.20145,323,11,4
2023-11-20,0.0,51,0.201475,324,11,4
2023-11-21,0.0,53,0.2015,325,11,4
2023-11-22,0.0,54,0.201525,326,11,4
2023-11-23,0.0,57,0.20155,327,11,4
2023-11-24,0.0,52,0.201575,328,11,4
2023-11-25,0.0,49,0.2016,329,11,4
2023-11-26,0.0,49,0.201625,330,11,4
2023-11-27,0.0,48,0.20165,331,11,4
2023-11-28,0.0,51,0.201675,332,11,4
2023-11-29,0.0,51,0.2017,333,11,4
2023-11-30,0.0,51,0.20172500000000002,334,11,4
2023-12-01,0.0,53,0.20175,335,12,1
2023-12-02,0.0,49,0.201775,336,12,1
2023-12-03,0.0,50,0.2018,337,12,1
2023-12-04,0.0,53,0.20059375000000002,338,12,1
2023-12-05,0.0,52,0.1993875,339,12,1
2023-12-06,0.0,56,0.19818125,340,12,1
2023-12-07,0.0,57,0.196975,341,12,1
2023-12-08,0.0,50,0.19576875,342,12,1
2023-12-09,0.0,44,0.1945625,343,12,1
2023-12-10,0.0,47,0.19335625,344,12,1
2023-12-11,0.0,48,0.19215,345,12,1
2023-12-12,0.0,48,0.19094375,346,12,1
2023-12-13,0.0,48,0.1897375,347,12,1
2023-12-14,0.0,49,0.18853125,348,12,1
2023-12-15,0.0,50,0.187325,349,12,1
2023-12-16,0.0,51,0.18611875,350,12,1
2023-12-17,0.0,52,0.1849125,351,12,1
2023-12-18,0.0,56,0.18370625,352,12,1
2023-12-19,0.05,61,0.1825,353,12,1
