Latitude,Longitude,Date,MODIS_Tile,MOD13Q1_061_Line_Y_250m,MOD13Q1_061_Sample_X_250m,MOD13Q1_061__250m_16_days_NDVI,MOD13Q1_061__250m_16_days_VI_Quality,MOD13Q1_061__250m_16_days_pixel_reliability,MOD13Q1_061__250m_16_days_VI_Quality_bitmask,MOD13Q1_061__250m_16_days_VI_Quality_MODLAND,MOD13Q1_061__250m_16_days_VI_Quality_MODLAND_Description,MOD13Q1_061__250m_16_days_VI_Quality_VI_Usefulness,MOD13Q1_061__250m_16_days_VI_Quality_VI_Usefulness_Description,MOD13Q1_061__250m_16_days_VI_Quality_Aerosol_Quantity,MOD13Q1_061__250m_16_days_VI_Quality_Aerosol_Quantity_Description,MOD13Q1_061__250m_16_days_VI_Quality_Adjacent_cloud_detected,MOD13Q1_061__250m_16_days_VI_Quality_Adjacent_cloud_detected_Description,MOD13Q1_061__250m_16_days_VI_Quality_Atmosphere_BRDF_Correction,MOD13Q1_061__250m_16_days_VI_Quality_Atmosphere_BRDF_Correction_Description,MOD13Q1_061__250m_16_days_VI_Quality_Mixed_Clouds,MOD13Q1_061__250m_16_days_VI_Quality_Mixed_Clouds_Description,MOD13Q1_061__250m_16_days_VI_Quality_Land/Water_Mask,MOD13Q1_061__250m_16_days_VI_Quality_Land/Water_Mask_Description,MOD13Q1_061__250m_16_days_VI_Quality_Possible_snow/ice,MOD13Q1_061__250m_16_days_VI_Quality_Possible_snow/ice_Description,MOD13Q1_061__250m_16_days_VI_Quality_Possible_shadow,MOD13Q1_061__250m_16_days_VI_Quality_Possible_shadow_Description,MOD13Q1_061__250m_16_days_pixel_reliability_bitmask,MOD13Q1_061__250m_16_days_pixel_reliability_MODLAND,MOD13Q1_061__250m_16_days_pixel_reliability_MODLAND_Description
36.7378,-119.7871,2019-12-19,h08v05,1565.0,1922.0,0.1699,2380.0,1.0,0b0000100101001100,0b00,VI produced with good quality,0b0011,Decreasing quality,0b01,Low,0b1,Yes,0b0,No,0b0,No,0b001,Land (Nothing else but land),0b0,No,0b0,No,0b00000000000000000000000000000001,0b00000000000000000000000000000001,"Marginal data, Useful, but look at other QA information"
36.7378,-119.7871,2020-01-01,h08v05,1565.0,1922.0,0.1741,2449.0,1.0,0b0000100110010001,0b01,"VI produced, but check other QA",0b0100,Decreasing quality,0b10,Average,0b1,Yes,0b0,No,0b0,No,0b001,Land (Nothing else but land),0b0,No,0b0,No,0b00000000000000000000000000000001,0b00000000000000000000000000000001,"Marginal data, Useful, but look at other QA information"
36.7378,-119.7871,2020-01-17,h08v05,1565.0,1922.0,0.19,2445.0,1.0,0b0000100110001101,0b01,"VI produced, but check other QA",0b0011,Decreasing quality,0b10,Average,0b1,Yes,0b0,No,0b0,No,0b001,Land (Nothing else but land),0b0,No,0b0,No,0b00000000000000000000000000000001,0b00000000000000000000000000000001,"Marginal data, Useful, but look at other QA information"
36.7378,-119.7871,2020-02-02,h08v05,1565.0,1922.0,0.1881,2376.0,1.0,0b0000100101001000,0b00,VI produced with good quality,0b0010,Decreasing quality,0b01,Low,0b1,Yes,0b0,No,0b0,No,0b001,Land (Nothing else but land),0b0,No,0b0,No,0b00000000000000000000000000000001,0b00000000000000000000000000000001,"Marginal data, Useful, but look at other QA information"
36.7378,-119.7871,2020-02-18,h08v05,1565.0,1922.0,0.1653,2120.0,1.0,0b0000100001001000,0b00,VI produced with good quality,0b0010,Decreasing quality,0b01,Low,0b0,No,0b0,No,0b0,No,0b001,Land (Nothing else but land),0b0,No,0b0,No,0b00000000000000000000000000000001,0b00000000000000000000000000000001,"Marginal data, Useful, but look at other QA information"
36.7378,-119.7871,2020-03-05,h08v05,1565.0,1922.0,0.1873,2189.0,1.0,0b0000100010001101,0b01,"VI produced, but check other QA",0b0011,Decreasing quality,0b10,Average,0b0,No,0b0,No,0b0,No,0b001,Land (Nothing else but land),0b0,No,0b0,No,0b00000000000000000000000000000001,0b00000000000000000000000000000001,"Marginal data, Useful, but look at other QA information"
36.7378,-119.7871,2020-03-21,h08v05,1565.0,1922.0,0.2131,2376.0,1.0,0b0000100101001000,0b00,VI produced with good quality,0b0010,Decreasing quality,0b01,Low,0b1,Yes,0b0,No,0b0,No,0b001,Land (Nothing else but land),0b0,No,0b0,No,0b00000000000000000000000000000001,0b00000000000000000000000000000001,"Marginal data, Useful, but look at other QA information"
36.7378,-119.7871,2020-04-06,h08v05,1565.0,1922.0,0.2197,2120.0,1.0,0b0000100001001000,0b00,VI produced with good quality,0b0010,Decreasing quality,0b01,Low,0b0,No,0b0,No,0b0,No,0b001,Land (Nothing else but land),0b0,No,0b0,No,0b00000000000000000000000000000001,0b00000000000000000000000000000001,"Marginal data, Useful, but look at other QA information"
36.7378,-119.7871,2020-04-22,h08v05,1565.0,1922.0,0.2,2120.0,1.0,0b0000100001001000,0b00,VI produced with good quality,0b0010,Decreasing quality,0b01,Low,0b0,No,0b0,No,0b0,No,0b001,Land (Nothing else but land),0b0,No,0b0,No,0b00000000000000000000000000000001,0b00000000000000000000000000000001,"Marginal data, Useful, but look at other QA information"
36.7378,-119.7871,2020-05-08,h08v05,1565.0,1922.0,0.2216,2062.0,3.0,0b0000100000001110,0b10,"Pixel produced, but most probably cloudy",0b0011,Decreasing quality,0b00,Climatology,0b0,No,0b0,No,0b0,No,0b001,Land (Nothing else but land),0b0,No,0b0,No,0b00000000000000000000000000000011,0b00000000000000000000000000000011,"Cloudy data, Target not visible, covered with cloud"
36.7378,-119.7871,2020-05-24,h08v05,1565.0,1922.0,0.2256,2380.0,1.0,0b0000100101001100,0b00,VI produced with good quality,0b0011,Decreasing quality,0b01,Low,0b1,Yes,0b0,No,0b0,No,0b001,Land (Nothing else but land),0b0,No,0b0,No,0b00000000000000000000000000000001,0b00000000000000000000000000000001,"Marginal data, Useful, but look at other QA information"
36.7378,-119.7871,2020-06-09,h08v05,1565.0,1922.0,0.2122,2120.0,1.0,0b0000100001001000,0b00,VI produced with good quality,0b0010,Decreasing quality,0b01,Low,0b0,No,0b0,No,0b0,No,0b001,Land (Nothing else but land),0b0,No,0b0,No,0b00000000000000000000000000000001,0b00000000000000000000000000000001,"Marginal data, Useful, but look at other QA information"
36.7378,-119.7871,2020-06-25,h08v05,1565.0,1922.0,0.2142,2120.0,1.0,0b0000100001001000,0b00,VI produced with good quality,0b0010,Decreasing quality,0b01,Low,0b0,No,0b0,No,0b0,No,0b001,Land (Nothing else but land),0b0,No,0b0,No,0b00000000000000000000000000000001,0b00000000000000000000000000000001,"Marginal data, Useful, but look at other QA information"
36.7378,-119.7871,2020-07-11,h08v05,1565.0,1922.0,0.227,2120.0,1.0,0b0000100001001000,0b00,VI produced with good quality,0b0010,Decreasing quality,0b01,Low,0b0,No,0b0,No,0b0,No,0b001,Land (Nothing else but land),0b0,No,0b0,No,0b00000000000000000000000000000001,0b00000000000000000000000000000001,"Marginal data, Useful, but look at other QA information"
36.7378,-119.7871,2020-07-27,h08v05,1565.0,1922.0,0.225,2120.0,1.0,0b0000100001001000,0b00,VI produced with good quality,0b0010,Decreasing quality,0b01,Low,0b0,No,0b0,No,0b0,No,0b001,Land (Nothing else but land),0b0,No,0b0,No,0b00000000000000000000000000000001,0b00000000000000000000000000000001,"Marginal data, Useful, but look at other QA information"
36.7378,-119.7871,2020-08-12,h08v05,1565.0,1922.0,0.2163,2445.0,1.0,0b0000100110001101,0b01,"VI produced, but check other QA",0b0011,Decreasing quality,0b10,Average,0b1,Yes,0b0,No,0b0,No,0b001,Land (Nothing else but land),0b0,No,0b0,No,0b00000000000000000000000000000001,0b00000000000000000000000000000001,"Marginal data, Useful, but look at other QA information"
36.7378,-119.7871,2020-08-28,h08v05,1565.0,1922.0,0.2513,2261.0,1.0,0b0000100011010101,0b01,"VI produced, but check other QA",0b0101,Decreasing quality,0b11,High,0b0,No,0b0,No,0b0,No,0b001,Land (Nothing else but land),0b0,No,0b0,No,0b00000000000000000000000000000001,0b00000000000000000000000000000001,"Marginal data, Useful, but look at other QA information"
36.7378,-119.7871,2020-09-13,h08v05,1565.0,1922.0,0.2088,2120.0,0.0,0b0000100001001000,0b00,VI produced with good quality,0b0010,Decreasing quality,0b01,Low,0b0,No,0b0,No,0b0,No,0b001,Land (Nothing else but land),0b0,No,0b0,No,0b00000000000000000000000000000000,0b00000000000000000000000000000000,"Good data, use with confidence"
36.7378,-119.7871,2020-09-29,h08v05,1565.0,1922.0,0.1959,2116.0,0.0,0b0000100001000100,0b00,VI produced with good quality,0b0001,Lower quality,0b01,Low,0b0,No,0b0,No,0b0,No,0b001,Land (Nothing else but land),0b0,No,0b0,No,0b00000000000000000000000000000000,0b00000000000000000000000000000000,"Good data, use with confidence"
36.7378,-119.7871,2020-10-15,h08v05,1565.0,1922.0,0.1899,2116.0,0.0,0b0000100001000100,0b00,VI produced with good quality,0b0001,Lower quality,0b01,Low,0b0,No,0b0,No,0b0,No,0b001,Land (Nothing else but land),0b0,No,0b0,No,0b00000000000000000000000000000000,0b00000000000000000000000000000000,"Good data, use with confidence"
36.7378,-119.7871,2020-10-31,h08v05,1565.0,1922.0,0.2046,2116.0,0.0,0b0000100001000100,0b00,VI produced with good quality,0b0001,Lower quality,0b01,Low,0b0,No,0b0,No,0b0,No,0b001,Land (Nothing else but land),0b0,No,0b0,No,0b00000000000000000000000000000000,0b00000000000000000000000000000000,"Good data, use with confidence"
36.7378,-119.7871,2020-11-16,h08v05,1565.0,1922.0,0.229,2376.0,1.0,0b0000100101001000,0b00,VI produced with good quality,0b0010,Decreasing quality,0b01,Low,0b1,Yes,0b0,No,0b0,No,0b001,Land (Nothing else but land),0b0,No,0b0,No,0b00000000000000000000000000000001,0b00000000000000000000000000000001,"Marginal data, Useful, but look at other QA information"
36.7378,-119.7871,2020-12-02,h08v05,1565.0,1922.0,0.1444,2065.0,1.0,0b0000100000010001,0b01,"VI produced, but check other QA",0b0100,Decreasing quality,0b00,Climatology,0b0,No,0b0,No,0b0,No,0b001,Land (Nothing else but land),0b0,No,0b0,No,0b00000000000000000000000000000001,0b00000000000000000000000000000001,"Marginal data, Useful, but look at other QA information"
36.7378,-119.7871,2020-12-18,h08v05,1565.0,1922.0,0.151,3106.0,3.0,0b0000110000100010,0b10,"Pixel produced, but most probably cloudy",0b1000,Decreasing quality,0b00,Climatology,0b0,No,0b0,No,0b1,Yes,0b001,Land (Nothing else but land),0b0,No,0b0,No,0b00000000000000000000000000000011,0b00000000000000000000000000000011,"Cloudy data, Target not visible, covered with cloud"
36.7378,-119.7871,2021-01-01,h08v05,1565.0,1922.0,0.1475,35221.0,1.0,0b1000100110010101,0b01,"VI produced, but check other QA",0b0101,Decreasing quality,0b10,Average,0b1,Yes,0b0,No,0b0,No,0b001,Land (Nothing else but land),0b0,No,0b1,Yes,0b00000000000000000000000000000001,0b00000000000000000000000000000001,"Marginal data, Useful, but look at other QA information"
36.7378,-119.7871,2021-01-17,h08v05,1565.0,1922.0,0.1293,2386.0,3.0,0b0000100101010010,0b10,"Pixel produced, but most probably cloudy",0b0100,Decreasing quality,0b01,Low,0b1,Yes,0b0,No,0b0,No,0b001,Land (Nothing else but land),0b0,No,0b0,No,0b00000000000000000000000000000011,0b00000000000000000000000000000011,"Cloudy data, Target not visible, covered with cloud"
36.7378,-119.7871,2021-02-02,h08v05,1565.0,1922.0,0.1916,2062.0,3.0,0b0000100000001110,0b10,"Pixel produced, but most probably cloudy",0b0011,Decreasing quality,0b00,Climatology,0b0,No,0b0,No,0b0,No,0b001,Land (Nothing else but land),0b0,No,0b0,No,0b00000000000000000000000000000011,0b00000000000000000000000000000011,"Cloudy data, Target not visible, covered with cloud"
36.7378,-119.7871,2021-02-18,h08v05,1565.0,1922.0,0.1806,2376.0,1.0,0b0000100101001000,0b00,VI produced with good quality,0b0010,Decreasing quality,0b01,Low,0b1,Yes,0b0,No,0b0,No,0b001,Land (Nothing else but land),0b0,No,0b0,No,0b00000000000000000000000000000001,0b00000000000000000000000000000001,"Marginal data, Useful, but look at other QA information"
36.7378,-119.7871,2021-03-06,h08v05,1565.0,1922.0,0.1727,2376.0,1.0,0b0000100101001000,0b00,VI produced with good quality,0b0010,Decreasing quality,0b01,Low,0b1,Yes,0b0,No,0b0,No,0b001,Land (Nothing else but land),0b0,No,0b0,No,0b00000000000000000000000000000001,0b00000000000000000000000000000001,"Marginal data, Useful, but look at other QA information"
36.7378,-119.7871,2021-03-22,h08v05,1565.0,1922.0,0.19,2120.0,1.0,0b0000100001001000,0b00,VI produced with good quality,0b0010,Decreasing quality,0b01,Low,0b0,No,0b0,No,0b0,No,0b001,Land (Nothing else but land),0b0,No,0b0,No,0b00000000000000000000000000000001,0b00000000000000000000000000000001,"Marginal data, Useful, but look at other QA information"
36.7378,-119.7871,2021-04-07,h08v05,1565.0,1922.0,0.2303,2062.0,3.0,0b0000100000001110,0b10,"Pixel produced, but most probably cloudy",0b0011,Decreasing quality,0b00,Climatology,0b0,No,0b0,No,0b0,No,0b001,Land (Nothing else but land),0b0,No,0b0,No,0b00000000000000000000000000000011,0b00000000000000000000000000000011,"Cloudy data, Target not visible, covered with cloud"
36.7378,-119.7871,2021-04-23,h08v05,1565.0,1922.0,0.2226,2120.0,1.0,0b0000100001001000,0b00,VI produced with good quality,0b0010,Decreasing quality,0b01,Low,0b0,No,0b0,No,0b0,No,0b001,Land (Nothing else but land),0b0,No,0b0,No,0b00000000000000000000000000000001,0b00000000000000000000000000000001,"Marginal data, Useful, but look at other QA information"
36.7378,-119.7871,2021-05-09,h08v05,1565.0,1922.0,0.2121,2120.0,1.0,0b0000100001001000,0b00,VI produced with good quality,0b0010,Decreasing quality,0b01,Low,0b0,No,0b0,No,0b0,No,0b001,Land (Nothing else but land),0b0,No,0b0,No,0b00000000000000000000000000000001,0b00000000000000000000000000000001,"Marginal data, Useful, but look at other QA information"
36.7378,-119.7871,2021-05-25,h08v05,1565.0,1922.0,0.2047,2062.0,3.0,0b0000100000001110,0b10,"Pixel produced, but most probably cloudy",0b0011,Decreasing quality,0b00,Climatology,0b0,No,0b0,No,0b0,No,0b001,Land (Nothing else but land),0b0,No,0b0,No,0b00000000000000000000000000000011,0b00000000000000000000000000000011,"Cloudy data, Target not visible, covered with cloud"
36.7378,-119.7871,2021-06-10,h08v05,1565.0,1922.0,0.2356,2062.0,3.0,0b0000100000001110,0b10,"Pixel produced, but most probably cloudy",0b0011,Decreasing quality,0b00,Climatology,0b0,No,0b0,No,0b0,No,0b001,Land (Nothing else but land),0b0,No,0b0,No,0b00000000000000000000000000000011,0b00000000000000000000000000000011,"Cloudy data, Target not visible, covered with cloud"
36.7378,-119.7871,2021-06-26,h08v05,1565.0,1922.0,0.2165,2376.0,1.0,0b0000100101001000,0b00,VI produced with good quality,0b0010,Decreasing quality,0b01,Low,0b1,Yes,0b0,No,0b0,No,0b001,Land (Nothing else but land),0b0,No,0b0,No,0b00000000000000000000000000000001,0b00000000000000000000000000000001,"Marginal data, Useful, but look at other QA information"
36.7378,-119.7871,2021-07-12,h08v05,1565.0,1922.0,0.1898,2120.0,1.0,0b0000100001001000,0b00,VI produced with good quality,0b0010,Decreasing quality,0b01,Low,0b0,No,0b0,No,0b0,No,0b001,Land (Nothing else but land),0b0,No,0b0,No,0b00000000000000000000000000000001,0b00000000000000000000000000000001,"Marginal data, Useful, but look at other QA information"
36.7378,-119.7871,2021-07-28,h08v05,1565.0,1922.0,0.1978,2189.0,1.0,0b0000100010001101,0b01,"VI produced, but check other QA",0b0011,Decreasing quality,0b10,Average,0b0,No,0b0,No,0b0,No,0b001,Land (Nothing else but land),0b0,No,0b0,No,0b00000000000000000000000000000001,0b00000000000000000000000000000001,"Marginal data, Useful, but look at other QA information"
36.7378,-119.7871,2021-08-13,h08v05,1565.0,1922.0,0.2469,2261.0,1.0,0b0000100011010101,0b01,"VI produced, but check other QA",0b0101,Decreasing quality,0b11,High,0b0,No,0b0,No,0b0,No,0b001,Land (Nothing else but land),0b0,No,0b0,No,0b00000000000000000000000000000001,0b00000000000000000000000000000001,"Marginal data, Useful, but look at other QA information"
36.7378,-119.7871,2021-08-29,h08v05,1565.0,1922.0,0.2,2120.0,1.0,0b0000100001001000,0b00,VI produced with good quality,0b0010,Decreasing quality,0b01,Low,0b0,No,0b0,No,0b0,No,0b001,Land (Nothing else but land),0b0,No,0b0,No,0b00000000000000000000000000000001,0b00000000000000000000000000000001,"Marginal data, Useful, but look at other QA information"
36.7378,-119.7871,2021-09-14,h08v05,1565.0,1922.0,0.2479,2261.0,1.0,0b0000100011010101,0b01,"VI produced, but check other QA",0b0101,Decreasing quality,0b11,High,0b0,No,0b0,No,0b0,No,0b001,Land (Nothing else but land),0b0,No,0b0,No,0b00000000000000000000000000000001,0b00000000000000000000000000000001,"Marginal data, Useful, but look at other QA information"
36.7378,-119.7871,2021-09-30,h08v05,1565.0,1922.0,0.1979,2120.0,1.0,0b0000100001001000,0b00,VI produced with good quality,0b0010,Decreasing quality,0b01,Low,0b0,No,0b0,No,0b0,No,0b001,Land (Nothing else but land),0b0,No,0b0,No,0b00000000000000000000000000000001,0b00000000000000000000000000000001,"Marginal data, Useful, but look at other QA information"
36.7378,-119.7871,2021-10-16,h08v05,1565.0,1922.0,0.1787,2376.0,1.0,0b0000100101001000,0b00,VI produced with good quality,0b0010,Decreasing quality,0b01,Low,0b1,Yes,0b0,No,0b0,No,0b001,Land (Nothing else but land),0b0,No,0b0,No,0b00000000000000000000000000000001,0b00000000000000000000000000000001,"Marginal data, Useful, but look at other QA information"
36.7378,-119.7871,2021-11-01,h08v05,1565.0,1922.0,0.1508,3098.0,3.0,0b0000110000011010,0b10,"Pixel produced, but most probably cloudy",0b0110,Decreasing quality,0b00,Climatology,0b0,No,0b0,No,0b1,Yes,0b001,Land (Nothing else but land),0b0,No,0b0,No,0b00000000000000000000000000000011,0b00000000000000000000000000000011,"Cloudy data, Target not visible, covered with cloud"
36.7378,-119.7871,2021-11-17,h08v05,1565.0,1922.0,0.1993,3102.0,3.0,0b0000110000011110,0b10,"Pixel produced, but most probably cloudy",0b0111,Decreasing quality,0b00,Climatology,0b0,No,0b0,No,0b1,Yes,0b001,Land (Nothing else but land),0b0,No,0b0,No,0b00000000000000000000000000000011,0b00000000000000000000000000000011,"Cloudy data, Target not visible, covered with cloud"
36.7378,-119.7871,2021-12-03,h08v05,1565.0,1922.0,0.307,3102.0,3.0,0b0000110000011110,0b10,"Pixel produced, but most probably cloudy",0b0111,Decreasing quality,0b00,Climatology,0b0,No,0b0,No,0b1,Yes,0b001,Land (Nothing else but land),0b0,No,0b0,No,0b00000000000000000000000000000011,0b00000000000000000000000000000011,"Cloudy data, Target not visible, covered with cloud"
36.7378,-119.7871,2021-12-19,h08v05,1565.0,1922.0,0.1447,2070.0,3.0,0b0000100000010110,0b10,"Pixel produced, but most probably cloudy",0b0101,Decreasing quality,0b00,Climatology,0b0,No,0b0,No,0b0,No,0b001,Land (Nothing else but land),0b0,No,0b0,No,0b00000000000000000000000000000011,0b00000000000000000000000000000011,"Cloudy data, Target not visible, covered with cloud"
36.7378,-119.7871,2022-01-01,h08v05,1565.0,1922.0,0.1876,3102.0,3.0,0b0000110000011110,0b10,"Pixel produced, but most probably cloudy",0b0111,Decreasing quality,0b00,Climatology,0b0,No,0b0,No,0b1,Yes,0b001,Land (Nothing else but land),0b0,No,0b0,No,0b00000000000000000000000000000011,0b00000000000000000000000000000011,"Cloudy data, Target not visible, covered with cloud"
36.7378,-119.7871,2022-01-17,h08v05,1565.0,1922.0,0.1832,2445.0,1.0,0b0000100110001101,0b01,"VI produced, but check other QA",0b0011,Decreasing quality,0b10,Average,0b1,Yes,0b0,No,0b0,No,0b001,Land (Nothing else but land),0b0,No,0b0,No,0b00000000000000000000000000000001,0b00000000000000000000000000000001,"Marginal data, Useful, but look at other QA information"
36.7378,-119.7871,2022-02-02,h08v05,1565.0,1922.0,0.1737,2376.0,1.0,0b0000100101001000,0b00,VI produced with good quality,0b0010,Decreasing quality,0b01,Low,0b1,Yes,0b0,No,0b0,No,0b001,Land (Nothing else but land),0b0,No,0b0,No,0b00000000000000000000000000000001,0b00000000000000000000000000000001,"Marginal data, Useful, but look at other QA information"
36.7378,-119.7871,2022-02-18,h08v05,1565.0,1922.0,0.1643,2189.0,1.0,0b0000100010001101,0b01,"VI produced, but check other QA",0b0011,Decreasing quality,0b10,Average,0b0,No,0b0,No,0b0,No,0b001,Land (Nothing else but land),0b0,No,0b0,No,0b00000000000000000000000000000001,0b00000000000000000000000000000001,"Marginal data, Useful, but look at other QA information"
36.7378,-119.7871,2022-03-06,h08v05,1565.0,1922.0,0.1696,2189.0,1.0,0b0000100010001101,0b01,"VI produced, but check other QA",0b0011,Decreasing quality,0b10,Average,0b0,No,0b0,No,0b0,No,0b001,Land (Nothing else but land),0b0,No,0b0,No,0b00000000000000000000000000000001,0b00000000000000000000000000000001,"Marginal data, Useful, but look at other QA information"
36.7378,-119.7871,2022-03-22,h08v05,1565.0,1922.0,0.2093,2062.0,3.0,0b0000100000001110,0b10,"Pixel produced, but most probably cloudy",0b0011,Decreasing quality,0b00,Climatology,0b0,No,0b0,No,0b0,No,0b001,Land (Nothing else but land),0b0,No,0b0,No,0b00000000000000000000000000000011,0b00000000000000000000000000000011,"Cloudy data, Target not visible, covered with cloud"
36.7378,-119.7871,2022-04-07,h08v05,1565.0,1922.0,0.2169,2376.0,1.0,0b0000100101001000,0b00,VI produced with good quality,0b0010,Decreasing quality,0b01,Low,0b1,Yes,0b0,No,0b0,No,0b001,Land (Nothing else but land),0b0,No,0b0,No,0b00000000000000000000000000000001,0b00000000000000000000000000000001,"Marginal data, Useful, but look at other QA information"
36.7378,-119.7871,2022-04-23,h08v05,1565.0,1922.0,0.2184,2062.0,3.0,0b0000100000001110,0b10,"Pixel produced, but most probably cloudy",0b0011,Decreasing quality,0b00,Climatology,0b0,No,0b0,No,0b0,No,0b001,Land (Nothing else but land),0b0,No,0b0,No,0b00000000000000000000000000000011,0b00000000000000000000000000000011,"Cloudy data, Target not visible, covered with cloud"
36.7378,-119.7871,2022-05-09,h08v05,1565.0,1922.0,0.2307,2062.0,3.0,0b0000100000001110,0b10,"Pixel produced, but most probably cloudy",0b0011,Decreasing quality,0b00,Climatology,0b0,No,0b0,No,0b0,No,0b001,Land (Nothing else but land),0b0,No,0b0,No,0b00000000000000000000000000000011,0b00000000000000000000000000000011,"Cloudy data, Target not visible, covered with cloud"
36.7378,-119.7871,2022-05-25,h08v05,1565.0,1922.0,0.2324,2062.0,3.0,0b0000100000001110,0b10,"Pixel produced, but most probably cloudy",0b0011,Decreasing quality,0b00,Climatology,0b0,No,0b0,No,0b0,No,0b001,Land (Nothing else but land),0b0,No,0b0,No,0b00000000000000000000000000000011,0b00000000000000000000000000000011,"Cloudy data, Target not visible, covered with cloud"
36.7378,-119.7871,2022-06-10,h08v05,1565.0,1922.0,0.2274,2065.0,1.0,0b0000100000010001,0b01,"VI produced, but check other QA",0b0100,Decreasing quality,0b00,Climatology,0b0,No,0b0,No,0b0,No,0b001,Land (Nothing else but land),0b0,No,0b0,No,0b00000000000000000000000000000001,0b00000000000000000000000000000001,"Marginal data, Useful, but look at other QA information"
36.7378,-119.7871,2022-06-26,h08v05,1565.0,1922.0,0.2325,2062.0,3.0,0b0000100000001110,0b10,"Pixel produced, but most probably cloudy",0b0011,Decreasing quality,0b00,Climatology,0b0,No,0b0,No,0b0,No,0b001,Land (Nothing else but land),0b0,No,0b0,No,0b00000000000000000000000000000011,0b00000000000000000000000000000011,"Cloudy data, Target not visible, covered with cloud"
36.7378,-119.7871,2022-07-12,h08v05,1565.0,1922.0,0.1885,2062.0,3.0,0b0000100000001110,0b10,"Pixel produced, but most probably cloudy",0b0011,Decreasing quality,0b00,Climatology,0b0,No,0b0,No,0b0,No,0b001,Land (Nothing else but land),0b0,No,0b0,No,0b00000000000000000000000000000011,0b00000000000000000000000000000011,"Cloudy data, Target not visible, covered with cloud"
36.7378,-119.7871,2022-07-28,h08v05,1565.0,1922.0,0.165,2376.0,1.0,0b0000100101001000,0b00,VI produced with good quality,0b0010,Decreasing quality,0b01,Low,0b1,Yes,0b0,No,0b0,No,0b001,Land (Nothing else but land),0b0,No,0b0,No,0b00000000000000000000000000000001,0b00000000000000000000000000000001,"Marginal data, Useful, but look at other QA information"
36.7378,-119.7871,2022-08-13,h08v05,1565.0,1922.0,0.2239,2062.0,3.0,0b0000100000001110,0b10,"Pixel produced, but most probably cloudy",0b0011,Decreasing quality,0b00,Climatology,0b0,No,0b0,No,0b0,No,0b001,Land (Nothing else but land),0b0,No,0b0,No,0b00000000000000000000000000000011,0b00000000000000000000000000000011,"Cloudy data, Target not visible, covered with cloud"
36.7378,-119.7871,2022-08-29,h08v05,1565.0,1922.0,0.2087,2062.0,3.0,0b0000100000001110,0b10,"Pixel produced, but most probably cloudy",0b0011,Decreasing quality,0b00,Climatology,0b0,No,0b0,No,0b0,No,0b001,Land (Nothing else but land),0b0,No,0b0,No,0b00000000000000000000000000000011,0b00000000000000000000000000000011,"Cloudy data, Target not visible, covered with cloud"
36.7378,-119.7871,2022-09-14,h08v05,1565.0,1922.0,0.2294,2189.0,1.0,0b0000100010001101,0b01,"VI produced, but check other QA",0b0011,Decreasing quality,0b10,Average,0b0,No,0b0,No,0b0,No,0b001,Land (Nothing else but land),0b0,No,0b0,No,0b00000000000000000000000000000001,0b00000000000000000000000000000001,"Marginal data, Useful, but look at other QA information"
36.7378,-119.7871,2022-09-30,h08v05,1565.0,1922.0,0.2018,2062.0,3.0,0b0000100000001110,0b10,"Pixel produced, but most probably cloudy",0b0011,Decreasing quality,0b00,Climatology,0b0,No,0b0,No,0b0,No,0b001,Land (Nothing else but land),0b0,No,0b0,No,0b00000000000000000000000000000011,0b00000000000000000000000000000011,"Cloudy data, Target not visible, covered with cloud"
36.7378,-119.7871,2022-10-16,h08v05,1565.0,1922.0,0.2206,3102.0,3.0,0b0000110000011110,0b10,"Pixel produced, but most probably cloudy",0b0111,Decreasing quality,0b00,Climatology,0b0,No,0b0,No,0b1,Yes,0b001,Land (Nothing else but land),0b0,No,0b0,No,0b00000000000000000000000000000011,0b00000000000000000000000000000011,"Cloudy data, Target not visible, covered with cloud"
36.7378,-119.7871,2022-11-01,h08v05,1565.0,1922.0,0.2352,2449.0,1.0,0b0000100110010001,0b01,"VI produced, but check other QA",0b0100,Decreasing quality,0b10,Average,0b1,Yes,0b0,No,0b0,No,0b001,Land (Nothing else but land),0b0,No,0b0,No,0b00000000000000000000000000000001,0b00000000000000000000000000000001,"Marginal data, Useful, but look at other QA information"
36.7378,-119.7871,2022-11-17,h08v05,1565.0,1922.0,0.1644,2070.0,3.0,0b0000100000010110,0b10,"Pixel produced, but most probably cloudy",0b0101,Decreasing quality,0b00,Climatology,0b0,No,0b0,No,0b0,No,0b001,Land (Nothing else but land),0b0,No,0b0,No,0b00000000000000000000000000000011,0b00000000000000000000000000000011,"Cloudy data, Target not visible, covered with cloud"
36.7378,-119.7871,2022-12-03,h08v05,1565.0,1922.0,0.2707,2261.0,1.0,0b0000100011010101,0b01,"VI produced, but check other QA",0b0101,Decreasing quality,0b11,High,0b0,No,0b0,No,0b0,No,0b001,Land (Nothing else but land),0b0,No,0b0,No,0b00000000000000000000000000000001,0b00000000000000000000000000000001,"Marginal data, Useful, but look at other QA information"
36.7378,-119.7871,2022-12-19,h08v05,1565.0,1922.0,0.1875,2380.0,1.0,0b0000100101001100,0b00,VI produced with good quality,0b0011,Decreasing quality,0b01,Low,0b1,Yes,0b0,No,0b0,No,0b001,Land (Nothing else but land),0b0,No,0b0,No,0b00000000000000000000000000000001,0b00000000000000000000000000000001,"Marginal data, Useful, but look at other QA information"
36.7378,-119.7871,2023-01-01,h08v05,1565.0,1922.0,0.1875,2380.0,1.0,0b0000100101001100,0b00,VI produced with good quality,0b0011,Decreasing quality,0b01,Low,0b1,Yes,0b0,No,0b0,No,0b001,Land (Nothing else but land),0b0,No,0b0,No,0b00000000000000000000000000000001,0b00000000000000000000000000000001,"Marginal data, Useful, but look at other QA information"
36.7378,-119.7871,2023-01-17,h08v05,1565.0,1922.0,0.1894,2261.0,1.0,0b0000100011010101,0b01,"VI produced, but check other QA",0b0101,Decreasing quality,0b11,High,0b0,No,0b0,No,0b0,No,0b001,Land (Nothing else but land),0b0,No,0b0,No,0b00000000000000000000000000000001,0b00000000000000000000000000000001,"Marginal data, Useful, but look at other QA information"
36.7378,-119.7871,2023-02-02,h08v05,1565.0,1922.0,0.2125,2261.0,1.0,0b0000100011010101,0b01,"VI produced, but check other QA",0b0101,Decreasing quality,0b11,High,0b0,No,0b0,No,0b0,No,0b001,Land (Nothing else but land),0b0,No,0b0,No,0b00000000000000000000000000000001,0b00000000000000000000000000000001,"Marginal data, Useful, but look at other QA information"
36.7378,-119.7871,2023-02-18,h08v05,1565.0,1922.0,0.1674,2376.0,1.0,0b0000100101001000,0b00,VI produced with good quality,0b0010,Decreasing quality,0b01,Low,0b1,Yes,0b0,No,0b0,No,0b001,Land (Nothing else but land),0b0,No,0b0,No,0b00000000000000000000000000000001,0b00000000000000000000000000000001,"Marginal data, Useful, but look at other QA information"
36.7378,-119.7871,2023-03-06,h08v05,1565.0,1922.0,0.2517,2261.0,1.0,0b0000100011010101,0b01,"VI produced, but check other QA",0b0101,Decreasing quality,0b11,High,0b0,No,0b0,No,0b0,No,0b001,Land (Nothing else but land),0b0,No,0b0,No,0b00000000000000000000000000000001,0b00000000000000000000000000000001,"Marginal data, Useful, but look at other QA information"
36.7378,-119.7871,2023-03-22,h08v05,1565.0,1922.0,0.2327,2261.0,1.0,0b0000100011010101,0b01,"VI produced, but check other QA",0b0101,Decreasing quality,0b11,High,0b0,No,0b0,No,0b0,No,0b001,Land (Nothing else but land),0b0,No,0b0,No,0b00000000000000000000000000000001,0b00000000000000000000000000000001,"Marginal data, Useful, but look at other QA information"
36.7378,-119.7871,2023-04-07,h08v05,1565.0,1922.0,0.1979,2449.0,1.0,0b0000100110010001,0b01,"VI produced, but check other QA",0b0100,Decreasing quality,0b10,Average,0b1,Yes,0b0,No,0b0,No,0b001,Land (Nothing else but land),0b0,No,0b0,No,0b00000000000000000000000000000001,0b00000000000000000000000000000001,"Marginal data, Useful, but look at other QA information"
36.7378,-119.7871,2023-04-23,h08v05,1565.0,1922.0,0.2086,2066.0,3.0,0b0000100000010010,0b10,"Pixel produced, but most probably cloudy",0b0100,Decreasing quality,0b00,Climatology,0b0,No,0b0,No,0b0,No,0b001,Land (Nothing else but land),0b0,No,0b0,No,0b00000000000000000000000000000011,0b00000000000000000000000000000011,"Cloudy data, Target not visible, covered with cloud"
36.7378,-119.7871,2023-05-09,h08v05,1565.0,1922.0,0.2262,2120.0,1.0,0b0000100001001000,0b00,VI produced with good quality,0b0010,Decreasing quality,0b01,Low,0b0,No,0b0,No,0b0,No,0b001,Land (Nothing else but land),0b0,No,0b0,No,0b00000000000000000000000000000001,0b00000000000000000000000000000001,"Marginal data, Useful, but look at other QA information"
36.7378,-119.7871,2023-05-25,h08v05,1565.0,1922.0,0.2123,2261.0,1.0,0b0000100011010101,0b01,"VI produced, but check other QA",0b0101,Decreasing quality,0b11,High,0b0,No,0b0,No,0b0,No,0b001,Land (Nothing else but land),0b0,No,0b0,No,0b00000000000000000000000000000001,0b00000000000000000000000000000001,"Marginal data, Useful, but look at other QA information"
36.7378,-119.7871,2023-06-10,h08v05,1565.0,1922.0,0.2261,2062.0,3.0,0b0000100000001110,0b10,"Pixel produced, but most probably cloudy",0b0011,Decreasing quality,0b00,Climatology,0b0,No,0b0,No,0b0,No,0b001,Land (Nothing else but land),0b0,No,0b0,No,0b00000000000000000000000000000011,0b00000000000000000000000000000011,"Cloudy data, Target not visible, covered with cloud"
36.7378,-119.7871,2023-06-26,h08v05,1565.0,1922.0,0.2216,2449.0,1.0,0b0000100110010001,0b01,"VI produced, but check other QA",0b0100,Decreasing quality,0b10,Average,0b1,Yes,0b0,No,0b0,No,0b001,Land (Nothing else but land),0b0,No,0b0,No,0b00000000000000000000000000000001,0b00000000000000000000000000000001,"Marginal data, Useful, but look at other QA information"
36.7378,-119.7871,2023-07-12,h08v05,1565.0,1922.0,0.1889,2062.0,3.0,0b0000100000001110,0b10,"Pixel produced, but most probably cloudy",0b0011,Decreasing quality,0b00,Climatology,0b0,No,0b0,No,0b0,No,0b001,Land (Nothing else but land),0b0,No,0b0,No,0b00000000000000000000000000000011,0b00000000000000000000000000000011,"Cloudy data, Target not visible, covered with cloud"
36.7378,-119.7871,2023-07-28,h08v05,1565.0,1922.0,0.2055,2449.0,1.0,0b0000100110010001,0b01,"VI produced, but check other QA",0b0100,Decreasing quality,0b10,Average,0b1,Yes,0b0,No,0b0,No,0b001,Land (Nothing else but land),0b0,No,0b0,No,0b00000000000000000000000000000001,0b00000000000000000000000000000001,"Marginal data, Useful, but look at other QA information"
36.7378,-119.7871,2023-08-13,h08v05,1565.0,1922.0,0.1788,2189.0,1.0,0b0000100010001101,0b01,"VI produced, but check other QA",0b0011,Decreasing quality,0b10,Average,0b0,No,0b0,No,0b0,No,0b001,Land (Nothing else but land),0b0,No,0b0,No,0b00000000000000000000000000000001,0b00000000000000000000000000000001,"Marginal data, Useful, but look at other QA information"
36.7378,-119.7871,2023-08-29,h08v05,1565.0,1922.0,0.1706,2376.0,1.0,0b0000100101001000,0b00,VI produced with good quality,0b0010,Decreasing quality,0b01,Low,0b1,Yes,0b0,No,0b0,No,0b001,Land (Nothing else but land),0b0,No,0b0,No,0b00000000000000000000000000000001,0b00000000000000000000000000000001,"Marginal data, Useful, but look at other QA information"
36.7378,-119.7871,2023-09-14,h08v05,1565.0,1922.0,0.2341,2062.0,3.0,0b0000100000001110,0b10,"Pixel produced, but most probably cloudy",0b0011,Decreasing quality,0b00,Climatology,0b0,No,0b0,No,0b0,No,0b001,Land (Nothing else but land),0b0,No,0b0,No,0b00000000000000000000000000000011,0b00000000000000000000000000000011,"Cloudy data, Target not visible, covered with cloud"
36.7378,-119.7871,2023-09-30,h08v05,1565.0,1922.0,0.1947,2120.0,1.0,0b0000100001001000,0b00,VI produced with good quality,0b0010,Decreasing quality,0b01,Low,0b0,No,0b0,No,0b0,No,0b001,Land (Nothing else but land),0b0,No,0b0,No,0b00000000000000000000000000000001,0b00000000000000000000000000000001,"Marginal data, Useful, but look at other QA information"
36.7378,-119.7871,2023-10-16,h08v05,1565.0,1922.0,0.1665,2120.0,0.0,0b0000100001001000,0b00,VI produced with good quality,0b0010,Decreasing quality,0b01,Low,0b0,No,0b0,No,0b0,No,0b001,Land (Nothing else but land),0b0,No,0b0,No,0b00000000000000000000000000000000,0b00000000000000000000000000000000,"Good data, use with confidence"
36.7378,-119.7871,2023-11-01,h08v05,1565.0,1922.0,0.1941,2116.0,0.0,0b0000100001000100,0b00,VI produced with good quality,0b0001,Lower quality,0b01,Low,0b0,No,0b0,No,0b0,No,0b001,Land (Nothing else but land),0b0,No,0b0,No,0b00000000000000000000000000000000,0b00000000000000000000000000000000,"Good data, use with confidence"
36.7378,-119.7871,2023-11-17,h08v05,1565.0,1922.0,0.2014,2261.0,1.0,0b0000100011010101,0b01,"VI produced, but check other QA",0b0101,Decreasing quality,0b11,High,0b0,No,0b0,No,0b0,No,0b001,Land (Nothing else but land),0b0,No,0b0,No,0b00000000000000000000000000000001,0b00000000000000000000000000000001,"Marginal data, Useful, but look at other QA information"
36.7378,-119.7871,2023-12-03,h08v05,1565.0,1922.0,0.2018,3106.0,3.0,0b0000110000100010,0b10,"Pixel produced, but most probably cloudy",0b1000,Decreasing quality,0b00,Climatology,0b0,No,0b0,No,0b1,Yes,0b001,Land (Nothing else but land),0b0,No,0b0,No,0b00000000000000000000000000000011,0b00000000000000000000000000000011,"Cloudy data, Target not visible, covered with cloud"
36.7378,-119.7871,2023-12-19,h08v05,1565.0,1922.0,0.1825,2521.0,1.0,0b0000100111011001,0b01,"VI produced, but check other QA",0b0110,Decreasing quality,0b11,High,0b1,Yes,0b0,No,0b0,No,0b001,Land (Nothing else but land),0b0,No,0b0,No,0b00000000000000000000000000000001,0b00000000000000000000000000000001,"Marginal data, Useful, but look at other QA information"
